Issue Type,Issue key,Issue id,Summary,Assignee,Reporter,Priority,Status,Resolution,Created,Updated,Due Date
Bug,HDFS-16300,13410040,Use libcrypto in Windows for libhdfspp,gaurava,gaurava,Blocker,Resolved,Fixed,04/Nov/21 12:41,07/Nov/21 18:47,11/Nov/21 00:00
Bug,HDFS-15113,13278857,Missing IBR when NameNode restart if open processCommand async feature,hexiaoqiao,hexiaoqiao,Blocker,Resolved,Fixed,11/Jan/20 11:49,22/Sep/21 10:31,
Bug,HDFS-15240,13293750,Erasure Coding: dirty buffer causes reconstruction block error,marvelrock,marvelrock,Blocker,Resolved,Fixed,25/Mar/20 08:19,13/Sep/21 07:33,
Bug,HDFS-15421,13312494,IBR leak causes standby NN to be stuck in safe mode,aajisaka,kihwal,Blocker,Resolved,Fixed,19/Jun/20 14:31,10/Jun/21 07:43,
Bug,HDFS-16027,13378757, HDFS-15245 breaks source code compatibility between 3.3.0 and 3.3.1.,weichiu,weichiu,Blocker,Resolved,Fixed,17/May/21 09:07,19/May/21 02:49,
Bug,HDFS-16001,13375706,TestOfflineEditsViewer.testStored() fails reading negative value of FSEditLogOpCodes,aajisaka,shv,Blocker,Resolved,Fixed,28/Apr/21 22:55,08/May/21 05:32,
Bug,HDFS-15566,13326716,NN restart fails after RollingUpgrade from  3.1.3/3.2.1 to 3.3.0,brahmareddy,brahmareddy,Blocker,Resolved,Fixed,09/Sep/20 17:45,03/May/21 18:04,
Bug,HDFS-15302,13301398,Backport HDFS-15286 to branch-2.x,hemanthboyina,aajisaka,Blocker,Resolved,Fixed,27/Apr/20 21:39,01/May/20 06:31,
Bug,HDFS-15205,13289368,FSImage sort section logic is wrong,,angerszhuuu,Blocker,Resolved,Fixed,04/Mar/20 01:39,23/Apr/20 07:02,
Bug,HDFS-15269,13296957,NameNode should check the authorization API version only once during initialization,weichiu,weichiu,Blocker,Resolved,Fixed,08/Apr/20 00:46,09/Apr/20 17:46,
Bug,HDFS-15234,13293375,Add a default method body for the INodeAttributeProvider#checkPermissionWithContext API,weichiu,weichiu,Blocker,Resolved,Fixed,23/Mar/20 20:18,25/Mar/20 23:17,
Bug,HDFS-15012,13270559,NN fails to parse Edit logs after applying HDFS-13101,shashikant,ericlin,Blocker,Resolved,Fixed,25/Nov/19 23:23,18/Dec/19 18:12,
Bug,HDFS-14910,13262902,Rename Snapshot with Pre Descendants Fail With IllegalArgumentException.,weichiu,elgoiri,Blocker,Resolved,Fixed,17/Oct/19 16:35,24/Oct/19 20:26,
Bug,HDFS-14890,13260344,Setting permissions on name directory fails on non posix compliant filesystems,swagle,hirik,Blocker,Resolved,Fixed,03/Oct/19 16:49,15/Oct/19 18:45,
Bug,HDFS-14509,13235126,DN throws InvalidToken due to inequality of password when upgrade NN 2.x to 3.x,John Smith,John Smith,Blocker,Resolved,Fixed,23/May/19 12:42,10/Oct/19 20:31,
Bug,HDFS-14595,13240901,HDFS-11848 breaks API compatibility,smeng,weichiu,Blocker,Resolved,Fixed,21/Jun/19 16:02,02/Oct/19 17:15,
Bug,HDFS-14724,13250325,Fix JDK7 compatibility in branch-2,vagarychen,weichiu,Blocker,Resolved,Fixed,12/Aug/19 16:42,02/Oct/19 17:15,
Bug,HDFS-14821,13254835,Make HDFS-14617 (fsimage sub-sections) off by default,sodonnell,sodonnell,Blocker,Resolved,Fixed,04/Sep/19 17:28,13/Sep/19 17:38,
Bug,HDFS-14726,13250362,Fix JN incompatibility issue in branch-2 due to backport of HDFS-10519,vagarychen,vagarychen,Blocker,Resolved,Fixed,12/Aug/19 20:36,30/Aug/19 22:57,
Bug,HDFS-16422,13422402,Fix thread safety of EC decoding during concurrent preads,cndaimin,cndaimin,Critical,Resolved,Fixed,13/Jan/22 06:35,18/Feb/22 15:33,13/Jan/22 00:00
Bug,HDFS-16420,13421650,Avoid deleting unique data blocks when deleting redundancy striped blocks,JacksonWang,qinyuren,Critical,Resolved,Fixed,10/Jan/22 09:33,18/Feb/22 05:57,
Bug,HDFS-16437,13424612,ReverseXML processor doesn't accept XML files without the SnapshotDiffSection.,it_singer,it_singer,Critical,Resolved,Fixed,25/Jan/22 07:48,06/Feb/22 09:40,
Bug,HDFS-15929,13368162,Replace RAND_pseudo_bytes in util.cc,gaurava,gaurava,Critical,Resolved,Fixed,28/Mar/21 09:00,21/Jan/22 10:55,29/Mar/21 00:00
Bug,HDFS-15186,13286407,Erasure Coding: Decommission may generate the parity block's content with all 0 in some case,yaoguangdong,yaoguangdong,Critical,Resolved,Fixed,20/Feb/20 08:25,04/Jan/22 04:32,
Bug,HDFS-15963,13370827,Unreleased volume references cause an infinite loop,zhangshuyan,zhangshuyan,Critical,Resolved,Fixed,10/Apr/21 15:32,18/Nov/21 07:46,
Bug,HDFS-16272,13406296,Int overflow in computing safe length during EC block recovery,cndaimin,cndaimin,Critical,Resolved,Fixed,13/Oct/21 07:43,18/Oct/21 11:42,
Bug,HDFS-16181,13396336,[SBN Read] Fix metric of RpcRequestCacheMissAmount can't display when tailEditLog form JN,wangzhaohui,wangzhaohui,Critical,Resolved,Fixed,20/Aug/21 10:32,04/Oct/21 16:39,
Bug,HDFS-15910,13366558,Replace bzero with explicit_bzero for better safety,gaurava,gaurava,Critical,Resolved,Fixed,21/Mar/21 07:03,24/Sep/21 20:58,21/Mar/21 00:00
Bug,HDFS-15719,13344973,[Hadoop 3] Both NameNodes can crash simultaneously due to the short JN socket timeout,weichiu,weichiu,Critical,Resolved,Fixed,09/Dec/20 03:24,17/Aug/21 03:28,
Bug,HDFS-15175,13285725,Multiple CloseOp shared block instance causes the standby namenode to crash when rolling editlog,wanchang,caiyicong,Critical,Resolved,Fixed,17/Feb/20 09:40,29/Jul/21 11:15,
Bug,HDFS-15796,13355091,ConcurrentModificationException error happens on NameNode occasionally,Daniel Ma,Daniel Ma,Critical,Resolved,Fixed,28/Jan/21 06:23,09/Jul/21 09:50,
Bug,HDFS-15187,13286517,CORRUPT replica mismatch between namenodes after failover,ayushtkn,ayushtkn,Critical,Resolved,Fixed,20/Feb/20 16:04,10/Jun/21 07:44,
Bug,HDFS-15200,13288859,Delete Corrupt Replica Immediately Irrespective of Replicas On Stale Storage ,ayushtkn,ayushtkn,Critical,Resolved,Fixed,02/Mar/20 12:13,10/Jun/21 07:44,
Bug,HDFS-15293,13300047,Relax the condition for accepting a fsimage when receiving a checkpoint ,vagarychen,vagarychen,Critical,Resolved,Fixed,21/Apr/20 18:02,10/Jun/21 07:44,
Bug,HDFS-15422,13312500,Reported IBR is partially replaced with stored info when queuing.,sodonnell,kihwal,Critical,Resolved,Fixed,19/Jun/20 15:06,10/Jun/21 07:44,
Bug,HDFS-15641,13336061,DataNode could meet deadlock if invoke refreshNameNode,wanghongbing,wanghongbing,Critical,Resolved,Fixed,19/Oct/20 12:28,10/Jun/21 07:44,
Bug,HDFS-15948,13369342,Fix test4tests for libhdfspp,gaurava,gaurava,Critical,Resolved,Fixed,02/Apr/21 18:15,10/Jun/21 07:44,09/Apr/21 00:00
Bug,HDFS-15170,13285369,EC: Block gets marked as CORRUPT in case of failover and pipeline recovery,ayushtkn,ayushtkn,Critical,Resolved,Fixed,14/Feb/20 16:30,10/Jun/21 07:43,
Bug,HDFS-15947,13369338,Replace deprecated protobuf APIs,gaurava,gaurava,Critical,Resolved,Fixed,02/Apr/21 18:01,05/Apr/21 16:53,03/Apr/21 00:00
Bug,HDFS-15944,13369254,Prevent truncation by snprintf,gaurava,gaurava,Critical,Resolved,Fixed,02/Apr/21 07:43,02/Apr/21 16:38,03/Apr/21 00:00
Bug,HDFS-15196,13288167,RBF: RouterRpcServer getListing cannot list large dirs correctly,fengnanli,fengnanli,Critical,Resolved,Fixed,27/Feb/20 23:53,02/Apr/21 09:56,
Bug,HDFS-15510,13320625,RBF: Quota and Content Summary was not correct in Multiple Destinations,hemanthboyina,hemanthboyina,Critical,Resolved,Fixed,03/Aug/20 09:38,02/Apr/21 09:55,
Bug,HDFS-15928,13368115,Replace RAND_pseudo_bytes in rpc_engine.cc,gaurava,gaurava,Critical,Resolved,Fixed,27/Mar/21 16:54,30/Mar/21 17:37,28/Mar/21 00:00
Bug,HDFS-15918,13367171,Replace RAND_pseudo_bytes in sasl_digest_md5.cc,gaurava,gaurava,Critical,Resolved,Fixed,24/Mar/21 07:44,28/Mar/21 09:01,25/Mar/21 00:00
Bug,HDFS-15276,13298076,Concat on INodeRefernce fails with illegal state exception,hemanthboyina,hemanthboyina,Critical,Resolved,Fixed,13/Apr/20 16:17,21/Jan/21 01:55,
Bug,HDFS-15398,13310266,EC: hdfs client hangs due to exception during addBlock,wanghongbing,wanghongbing,Critical,Resolved,Fixed,09/Jun/20 02:31,15/Dec/20 21:39,
Bug,HDFS-15536,13323815,RBF:  Clear Quota in Router was not consistent ,hemanthboyina,hemanthboyina,Critical,Resolved,Fixed,20/Aug/20 17:57,26/Aug/20 07:37,
Bug,HDFS-15211,13290083,EC: File write hangs during close in case of Exception during updatePipeline,ayushtkn,ayushtkn,Critical,Resolved,Fixed,06/Mar/20 14:02,09/Jun/20 13:45,
Bug,HDFS-15286,13299456,Concat on a same files deleting the file,hemanthboyina,hemanthboyina,Critical,Resolved,Fixed,19/Apr/20 11:32,27/Apr/20 21:40,
Bug,HDFS-15124,13279452,Crashing bugs in NameNode when using a valid configuration for `dfs.namenode.audit.loggers`,ctest.team,ctest.team,Critical,Resolved,Fixed,14/Jan/20 22:34,27/Feb/20 17:19,
Bug,HDFS-14668,13246926,Support Fuse with Users from multiple Security Realms,pifta,saileshpatel,Critical,Resolved,Fixed,24/Jul/19 22:43,27/Feb/20 16:05,
Bug,HDFS-15128,13280024,Unit test failing to clean testing data and crashed future Maven test run due to failure in TestDataNodeVolumeFailureToleration,ctest.team,ctest.team,Critical,Resolved,Fixed,17/Jan/20 01:41,27/Jan/20 03:49,
Bug,HDFS-14655,13245110,[SBN Read] Namenode crashes if one of The JN is down,ayushtkn,Harsha1206,Critical,Resolved,Fixed,16/Jul/19 05:19,03/Jan/20 23:25,
Bug,HDFS-14699,13248808,Erasure Coding: Storage not considered in live replica when replication streams hard limit reached to threshold,zhaoyim,zhaoyim,Critical,Resolved,Fixed,05/Aug/19 03:27,07/Nov/19 10:04,
Bug,HDFS-14845,13256036,Ignore AuthenticationFilterInitializer for HttpFSServerWebServer and honor hadoop.http.authentication configs,prabhujoseph,aajisaka,Critical,Resolved,Fixed,11/Sep/19 07:05,23/Oct/19 16:15,
Bug,HDFS-14847,13256480,Erasure Coding: Blocks are over-replicated while EC decommissioning,ferhui,ferhui,Critical,Resolved,Fixed,13/Sep/19 08:55,20/Oct/19 01:20,
Bug,HDFS-14754,13251798,Erasure Coding :  The number of Under-Replicated Blocks never reduced,hemanthboyina,hemanthboyina,Critical,Resolved,Fixed,20/Aug/19 10:11,09/Oct/19 18:35,
Bug,HDFS-14618,13242223,Incorrect synchronization of ArrayList field (ArrayList is thread-unsafe).,paulward24,paulward24,Critical,Resolved,Fixed,28/Jun/19 18:50,02/Oct/19 22:09,
Bug,HDFS-14610,13241605,"HashMap is not thread safe. Field storageMap is typically synchronized by storageMap. However, in one place, field storageMap is not protected with synchronized.",paulward24,paulward24,Critical,Resolved,Fixed,26/Jun/19 00:00,02/Oct/19 21:38,
Bug,HDFS-14687,13248049,Standby Namenode never come out of safemode when EC files are being written.,surendralilhore,surendralilhore,Critical,Resolved,Fixed,31/Jul/19 08:54,02/Oct/19 17:16,
Bug,HDFS-14581,13240183,Appending to EC files crashes NameNode,surendralilhore,surendralilhore,Critical,Resolved,Fixed,18/Jun/19 11:41,02/Oct/19 17:15,
Bug,HDFS-16428,13423092,Source path with storagePolicy cause wrong typeConsumed while rename,lei w,lei w,Major,Resolved,Fixed,17/Jan/22 15:51,02/Mar/22 07:17,
Bug,HDFS-14768,13252579,EC : Busy DN replica should be consider in live replica check.,gjhkael,gjhkael,Major,Resolved,Fixed,23/Aug/19 05:15,23/Feb/22 05:59,
Bug,HDFS-16316,13411211,Improve DirectoryScanner: add regular file check related block,jianghuazhu,jianghuazhu,Major,Resolved,Fixed,11/Nov/21 07:19,22/Feb/22 02:16,
Bug,HDFS-15118,13279163,[SBN Read] Slow clients when Observer reads are enabled but there are no Observers on the cluster.,vagarychen,shv,Major,Resolved,Fixed,13/Jan/20 20:06,16/Feb/22 08:35,
Bug,HDFS-14920,13263797,Erasure Coding: Decommission may hang If one or more datanodes are out of service during decommission  ,ferhui,ferhui,Major,Resolved,Fixed,22/Oct/19 12:55,15/Feb/22 07:29,
Bug,HDFS-16271,13406285,RBF: NullPointerException when setQuota through routers with quota disabled,smarthan,smarthan,Major,Resolved,Fixed,13/Oct/21 06:39,14/Feb/22 18:14,
Bug,HDFS-16332,13412421,Expired block token causes slow read due to missing handling in sasl handshake,lineyshinya,lineyshinya,Major,Resolved,Fixed,18/Nov/21 04:36,14/Feb/22 18:04,
Bug,HDFS-16411,13420737,RBF: RouterId is NULL when set dfs.federation.router.rpc.enable=false,YulongZ,YulongZ,Major,Resolved,Fixed,05/Jan/22 07:23,08/Feb/22 16:42,
Bug,HDFS-14869,13258463,Data loss in case of distcp using snapshot diff. Replication should include rename records if file was skipped in the previous iteration,aasha,aasha,Major,Resolved,Fixed,24/Sep/19 07:16,01/Feb/22 17:14,
Bug,HDFS-16443,13425430,Fix edge case where DatanodeAdminDefaultMonitor doubly enqueues a DatanodeDescriptor on exception,KevinWikant,KevinWikant,Major,Resolved,Fixed,28/Jan/22 15:10,31/Jan/22 07:17,
Bug,HDFS-16303,13410300,Losing over 100 datanodes in state decommissioning results in full blockage of all datanode decommissioning,KevinWikant,KevinWikant,Major,Resolved,Fixed,05/Nov/21 17:06,31/Jan/22 07:13,
Bug,HDFS-16333,13412478,fix balancer bug when transfer an EC block,qinyuren,qinyuren,Major,Resolved,Fixed,18/Nov/21 09:29,25/Jan/22 01:00,
Bug,HDFS-16402,13419785,Improve HeartbeatManager logic to avoid incorrect stats,tomscut,tomscut,Major,Resolved,Fixed,29/Dec/21 00:20,24/Jan/22 06:27,
Bug,HDFS-15167,13285015,Block Report Interval shouldn't be reset apart from first Block Report,ayushtkn,ayushtkn,Major,Resolved,Fixed,13/Feb/20 08:14,20/Jan/22 13:16,
Bug,HDFS-16408,13420318,Ensure LeaseRecheckIntervalMs is greater than zero,fujx,fujx,Major,Resolved,Fixed,03/Jan/22 07:22,05/Jan/22 18:01,
Bug,HDFS-16293,13409428,Client sleeps and holds 'dataQueue' when DataNodes are congested,Yuanxin Zhu,Yuanxin Zhu,Major,Resolved,Fixed,01/Nov/21 13:12,04/Jan/22 22:45,
Bug,HDFS-16268,13406038,Balancer stuck when moving striped blocks due to NPE,LeonG,LeonG,Major,Resolved,Fixed,11/Oct/21 21:59,04/Jan/22 22:45,
Bug,HDFS-16373,13415753,Fix MiniDFSCluster restart in case of multiple namenodes,ayushtkn,ayushtkn,Major,Resolved,Fixed,07/Dec/21 08:45,04/Jan/22 22:43,
Bug,HDFS-16377,13416544,Should CheckNotNull before access FsDatasetSpi,tomscut,tomscut,Major,Resolved,Fixed,10/Dec/21 11:22,04/Jan/22 22:43,
Bug,HDFS-16395,13419025,Remove useless NNThroughputBenchmark#dummyActionNoSynch(),jianghuazhu,jianghuazhu,Major,Resolved,Fixed,22/Dec/21 13:52,04/Jan/22 22:41,
Bug,HDFS-16343,13412982,Add some debug logs when the dfsUsed are not used during Datanode startup,msingh,msingh,Major,Resolved,Fixed,21/Nov/21 01:27,04/Jan/22 22:34,
Bug,HDFS-16330,13412337,Fix incorrect placeholder for Exception logs in DiskBalancer,vjasani,vjasani,Major,Resolved,Fixed,17/Nov/21 17:41,04/Jan/22 22:29,
Bug,HDFS-16393,13418762,RBF: Fix TestRouterRPCMultipleDestinationMountTableResolver,ayushtkn,ayushtkn,Major,Resolved,Fixed,21/Dec/21 06:45,04/Jan/22 09:01,
Bug,HDFS-16317,13411397,Backport HDFS-14729 for branch-3.2,ananysin,ananysin,Major,Resolved,Fixed,12/Nov/21 05:05,22/Dec/21 05:33,
Bug,HDFS-16392,13418611,TestWebHdfsFileSystemContract#testResponseCode fails,secfree.teng,secfree.teng,Major,Resolved,Fixed,20/Dec/21 13:18,22/Dec/21 02:48,
Bug,HDFS-16385,13417676,Fix Datanode retrieve slownode information bug.,JacksonWang,JacksonWang,Major,Resolved,Fixed,15/Dec/21 09:36,21/Dec/21 02:07,
Bug,HDFS-16014,13377402,Fix an issue in checking native pmdk lib by 'hadoop checknative' command,PhiloHe,PhiloHe,Major,Resolved,Fixed,08/May/21 08:28,14/Dec/21 09:16,
Bug,HDFS-16311,13410834,Metric metadataOperationRate calculation error in DataNodeVolumeMetrics,tomscut,tomscut,Major,Resolved,Fixed,09/Nov/21 12:22,07/Dec/21 07:24,
Bug,HDFS-16369,13415070,RBF: Fix the retry logic of RouterRpcServer#invokeAtAvailableNs,ayushtkn,ayushtkn,Major,Resolved,Fixed,02/Dec/21 14:08,04/Dec/21 05:25,
Bug,HDFS-16359,13414111,RBF: RouterRpcServer#invokeAtAvailableNs does not take effect when retrying,tomscut,tomscut,Major,Resolved,Fixed,27/Nov/21 16:05,02/Dec/21 14:11,
Bug,HDFS-15068,13274891,DataNode could meet deadlock if invoke refreshVolumes when register,Aiphag0,hexiaoqiao,Major,Resolved,Fixed,17/Dec/19 03:57,29/Nov/21 08:11,
Bug,HDFS-16182,13396617,numOfReplicas is given the wrong value in  BlockPlacementPolicyDefault$chooseTarget can cause DataStreamer to fail with Heterogeneous Storage  ,max2049,max2049,Major,Resolved,Fixed,23/Aug/21 07:25,16/Nov/21 15:09,
Bug,HDFS-16187,13397588,SnapshotDiff behaviour with Xattrs and Acls is not consistent across NN restarts with checkpointing,shashikant,smajeti,Major,Resolved,Fixed,26/Aug/21 15:11,12/Nov/21 07:06,
Bug,HDFS-16055,13382239,Quota is not preserved in snapshot INode,smeng,smeng,Major,Resolved,Fixed,04/Jun/21 22:18,09/Nov/21 19:17,
Bug,HDFS-16304,13410407,Locate OpenSSL libs for libhdfspp,gaurava,sjlee0,Major,Resolved,Fixed,06/Nov/21 17:56,09/Nov/21 01:47,
Bug,HDFS-16259,13405164,Catch and re-throw sub-classes of AccessControlException thrown by any permission provider plugins (eg Ranger),sodonnell,sodonnell,Major,Resolved,Fixed,06/Oct/21 09:16,02/Nov/21 21:44,
Bug,HDFS-16269,13406081,[Fix] Improve NNThroughputBenchmark#blockReport operation,jianghuazhu,jianghuazhu,Major,Resolved,Fixed,12/Oct/21 07:00,02/Nov/21 18:07,
Bug,HDFS-16244,13404016,Add the necessary write lock in Checkpointer#doCheckpoint(),jianghuazhu,jianghuazhu,Major,Resolved,Fixed,29/Sep/21 07:50,13/Oct/21 18:43,
Bug,HDFS-16254,13404837,Cleanup protobuf on exit of hdfs_allowSnapshot,gaurava,gaurava,Major,Resolved,Fixed,04/Oct/21 18:39,06/Oct/21 16:25,11/Oct/21 00:00
Bug,HDFS-16205,13398739,Make hdfs_allowSnapshot tool cross platform,gaurava,gaurava,Major,Resolved,Fixed,01/Sep/21 15:38,05/Oct/21 14:36,08/Sep/21 00:00
Bug,HDFS-14575,13239916,LeaseRenewer#daemon threads leak in DFSClient,prasad-acit,Tao Yang,Major,Resolved,Fixed,17/Jun/19 11:37,29/Sep/21 10:44,
Bug,HDFS-16235,13402929,Deadlock in LeaseRenewer for static remove method,angerszhuuu,angerszhuuu,Major,Resolved,Fixed,23/Sep/21 11:32,29/Sep/21 10:41,
Bug,HDFS-16240,13403696,Replace unshaded guava in HttpFSServerWebServer,iwasakims,iwasakims,Major,Resolved,Fixed,28/Sep/21 04:09,28/Sep/21 20:24,
Bug,HDFS-16233,13402616,Do not use exception handler to implement copy-on-write for EnumCounters,weichiu,weichiu,Major,Resolved,Fixed,22/Sep/21 06:02,28/Sep/21 07:27,
Bug,HDFS-16129,13389648,HttpFS signature secret file misusage,tdomok,tdomok,Major,Resolved,Fixed,14/Jul/21 14:54,28/Sep/21 04:33,
Bug,HDFS-15977,13372549,Call explicit_bzero only if it is available,aajisaka,aajisaka,Major,Resolved,Fixed,15/Apr/21 06:43,24/Sep/21 20:58,
Bug,HDFS-15651,13337176,Client could not obtain block when DN CommandProcessingThread exit,Aiphag0,linyiqun,Major,Resolved,Fixed,26/Oct/20 10:09,22/Sep/21 10:30,
Bug,HDFS-16198,13398391,Short circuit read leaks Slot objects when InvalidToken exception is thrown,Eungsop Yoo,Eungsop Yoo,Major,Resolved,Fixed,31/Aug/21 08:04,15/Sep/21 19:46,
Bug,HDFS-15685,13340820,[JDK 14] TestConfiguredFailoverProxyProvider#testResolveDomainNameUsingDNS fails,aajisaka,aajisaka,Major,Resolved,Fixed,16/Nov/20 11:21,15/Sep/21 08:35,
Bug,HDFS-16207,13399013,Remove NN logs stack trace for non-existent xattr query,ahussein,ahussein,Major,Resolved,Fixed,02/Sep/21 19:31,09/Sep/21 22:02,
Bug,HDFS-16178,13395961,Make recursive rmdir in libhdfs++ cross platform,gaurava,gaurava,Major,Resolved,Fixed,18/Aug/21 18:55,20/Aug/21 17:05,22/Aug/21 00:00
Bug,HDFS-15632,13335487,AbstractContractDeleteTest should set recursive parameter to true for recursive test cases.,antn.kutuzov,shv,Major,Resolved,Fixed,14/Oct/20 19:56,20/Aug/21 10:40,
Bug,HDFS-16174,13395235,Refactor TempFile and TempDir in libhdfs++,gaurava,gaurava,Major,Resolved,Fixed,14/Aug/21 06:24,18/Aug/21 16:32,21/Aug/21 00:00
Bug,HDFS-14706,13249213,Checksums are not checked if block meta file is less than 7 bytes,sodonnell,sodonnell,Major,Resolved,Fixed,06/Aug/19 21:08,11/Aug/21 04:18,
Bug,HDFS-14529,13236806,SetTimes to throw FileNotFoundException if inode is not found,weichiu,Harsha1206,Major,Resolved,Fixed,31/May/19 10:31,30/Jul/21 15:30,
Bug,HDFS-16144,13391862,Revert HDFS-15372 (Files in snapshots no longer see attribute provider permissions),sodonnell,sodonnell,Major,Resolved,Fixed,26/Jul/21 10:29,28/Jul/21 14:29,
Bug,HDFS-16145,13391863,CopyListing fails with FNF exception with snapshot diff,shashikant,shashikant,Major,Resolved,Fixed,26/Jul/21 10:30,28/Jul/21 08:46,
Bug,HDFS-16111,13387601,Add a configuration to RoundRobinVolumeChoosingPolicy to avoid failed volumes at datanodes.,zxu,zxu,Major,Resolved,Fixed,04/Jul/21 19:29,28/Jul/21 04:59,
Bug,HDFS-15372,13306841,Files in snapshots no longer see attribute provider permissions,sodonnell,sodonnell,Major,Resolved,Fixed,22/May/20 16:58,26/Jul/21 10:30,
Bug,HDFS-16087,13385753,RBF balance process is stuck at DisableWrite stage,lip_,lip_,Major,Resolved,Fixed,25/Jun/21 02:37,20/Jul/21 16:05,
Bug,HDFS-16127,13389409,Improper pipeline close recovery causes a permanent write failure or data loss.,kihwal,kihwal,Major,Resolved,Fixed,13/Jul/21 14:51,16/Jul/21 19:26,
Bug,HDFS-16042,13380622,DatanodeAdminMonitor scan should be delay based,ahussein,ahussein,Major,Resolved,Fixed,26/May/21 20:21,15/Jul/21 21:16,
Bug,HDFS-16121,13388292,"Iterative snapshot diff report can generate duplicate records for creates, deletes and Renames",shashikant,smajeti,Major,Resolved,Fixed,08/Jul/21 05:50,09/Jul/21 09:00,
Bug,HDFS-16099,13386688,Make bpServiceToActive to be volatile,zhangshuyan,zhangshuyan,Major,Resolved,Fixed,30/Jun/21 06:23,01/Jul/21 15:54,
Bug,HDFS-16092,13386087,Avoid creating LayoutFlags redundant objects,vjasani,vjasani,Major,Resolved,Fixed,27/Jun/21 12:23,29/Jun/21 13:58,
Bug,HDFS-16061,13383011,DFTestUtil.waitReplication can produce false positives,ahussein,ahussein,Major,Resolved,Fixed,09/Jun/21 17:37,20/Jun/21 05:41,
Bug,HDFS-15618,13334534,Improve datanode shutdown latency,ahussein,ahussein,Major,Resolved,Fixed,09/Oct/20 02:15,16/Jun/21 16:40,
Bug,HDFS-16068,13383829,WebHdfsFileSystem has a possible connection leak in connection with HttpFS,tasanuma,tasanuma,Major,Resolved,Fixed,15/Jun/21 01:18,15/Jun/21 08:25,
Bug,HDFS-16040,13380402,RpcQueueTime metric counts requeued calls as unique events.,simbadzina,simbadzina,Major,Resolved,Fixed,25/May/21 19:18,10/Jun/21 07:44,
Bug,HDFS-15950,13369396,Remove unused hdfs.proto import,gaurava,gaurava,Major,Resolved,Fixed,03/Apr/21 08:07,10/Jun/21 07:44,04/Apr/21 00:00
Bug,HDFS-15628,13335102,HttpFS server throws NPE if a file is a symlink,ahussein,ahussein,Major,Resolved,Fixed,13/Oct/20 01:26,10/Jun/21 07:44,
Bug,HDFS-15644,13336359,Failed volumes can cause DNs to stop block reporting,ahussein,ahussein,Major,Resolved,Fixed,20/Oct/20 18:41,10/Jun/21 07:44,
Bug,HDFS-15849,13360167,ExpiredHeartbeats metric should be of Type.COUNTER,zhuqi,shv,Major,Resolved,Fixed,22/Feb/21 18:46,10/Jun/21 07:44,
Bug,HDFS-15451,13314594,Restarting name node stuck in safe mode when using provided storage,shanyu,shanyu,Major,Resolved,Fixed,02/Jul/20 04:45,10/Jun/21 07:44,
Bug,HDFS-15695,13342487,NN should not let the balancer run in safemode,ahussein,ahussein,Major,Resolved,Fixed,25/Nov/20 01:04,10/Jun/21 07:44,
Bug,HDFS-15627,13335056,Audit log deletes before collecting blocks,ahussein,ahussein,Major,Resolved,Fixed,12/Oct/20 17:22,10/Jun/21 07:44,
Bug,HDFS-15313,13302016,Ensure inodes in active filesystem are not deleted during snapshot delete,shashikant,shashikant,Major,Resolved,Fixed,30/Apr/20 07:35,10/Jun/21 07:44,
Bug,HDFS-15323,13302374,StandbyNode fails transition to active due to insufficient transaction tailing,shv,shv,Major,Resolved,Fixed,01/May/20 23:22,10/Jun/21 07:44,
Bug,HDFS-15709,13344162,EC: Socket file descriptor leak in StripedBlockChecksumReconstructor,yhaya,yhaya,Major,Resolved,Fixed,04/Dec/20 06:41,10/Jun/21 07:44,
Bug,HDFS-15707,13344092,NNTop counts don't add up as expected,ahussein,ahussein,Major,Resolved,Fixed,03/Dec/20 19:56,10/Jun/21 07:44,
Bug,HDFS-15639,13335980,[JDK 11] Fix Javadoc errors in hadoop-hdfs-client,tasanuma,tasanuma,Major,Resolved,Fixed,19/Oct/20 02:08,10/Jun/21 07:44,
Bug,HDFS-15396,13309870,Fix TestViewFileSystemOverloadSchemeHdfsFileSystemContract#testListStatusRootDir,ayushtkn,ayushtkn,Major,Resolved,Fixed,06/Jun/20 13:41,10/Jun/21 07:44,
Bug,HDFS-15798,13355159,"EC: Reconstruct task failed, and It would be XmitsInProgress of DN has negative number",haiyang Hu,haiyang Hu,Major,Resolved,Fixed,28/Jan/21 11:35,10/Jun/21 07:44,
Bug,HDFS-15446,13314205,CreateSnapshotOp fails during edit log loading for /.reserved/raw/path with error java.io.FileNotFoundException: Directory does not exist: /.reserved/raw/path ,sodonnell,smajeti,Major,Resolved,Fixed,30/Jun/20 04:54,10/Jun/21 07:44,
Bug,HDFS-15795,13355073,EC: Wrong checksum when reconstruction was failed by exception,yhaya,yhaya,Major,Resolved,Fixed,28/Jan/21 03:56,10/Jun/21 07:44,
Bug,HDFS-15621,13334662,Datanode DirectoryScanner uses excessive memory,sodonnell,sodonnell,Major,Resolved,Fixed,09/Oct/20 14:19,10/Jun/21 07:44,
Bug,HDFS-14599,13241154,HDFS-12487 breaks test TestDiskBalancer.testDiskBalancerWithFedClusterWithOneNameServiceEmpty,hexiaoqiao,weichiu,Major,Resolved,Fixed,24/Jun/19 00:36,10/Jun/21 07:44,
Bug,HDFS-15875,13362508,Check whether file is being truncated before truncate,ferhui,ferhui,Major,Resolved,Fixed,05/Mar/21 05:44,10/Jun/21 07:44,
Bug,HDFS-15363,13305935,BlockPlacementPolicyWithNodeGroup should validate if it is initialized by NetworkTopologyWithNodeGroup,hemanthboyina,hemanthboyina,Major,Resolved,Fixed,19/May/20 13:56,10/Jun/21 07:44,
Bug,HDFS-15386,13309326,ReplicaNotFoundException keeps happening in DN after removing multiple DN's data directories,brfrn169,brfrn169,Major,Resolved,Fixed,04/Jun/20 02:52,10/Jun/21 07:44,
Bug,HDFS-15915,13367112,Race condition with async edits logging due to updating txId outside of the namesystem log,shv,shv,Major,Resolved,Fixed,23/Mar/21 22:09,10/Jun/21 07:44,
Bug,HDFS-14852,13257359,Removing from LowRedundancyBlocks does not remove the block from all queues,ferhui,ferhui,Major,Resolved,Fixed,18/Sep/19 11:55,10/Jun/21 07:44,
Bug,HDFS-15538,13324175,Fix the documentation for dfs.namenode.replication.max-streams in hdfs-default.xml,risyomei,risyomei,Major,Resolved,Fixed,24/Aug/20 01:58,10/Jun/21 07:44,
Bug,HDFS-15725,13345353,Lease Recovery never completes for a committed block which the DNs never finalize,sodonnell,sodonnell,Major,Resolved,Fixed,10/Dec/20 17:57,10/Jun/21 07:44,
Bug,HDFS-15210,13290058,EC : File write hanged when DN is shutdown by admin command.,surendralilhore,surendralilhore,Major,Resolved,Fixed,06/Mar/20 12:40,10/Jun/21 07:44,
Bug,HDFS-15622,13334665,Deleted blocks linger in the replications queue,ahussein,ahussein,Major,Resolved,Fixed,09/Oct/20 14:36,10/Jun/21 07:44,
Bug,HDFS-15270,13297654,Account for *env == NULL in hdfsThreadDestructor,babsingh,babsingh,Major,Resolved,Fixed,10/Apr/20 17:31,10/Jun/21 07:44,
Bug,HDFS-15779,13352956,EC: fix NPE caused by StripedWriter.clearBuffers during reconstruct block,wanghongbing,wanghongbing,Major,Resolved,Fixed,18/Jan/21 03:53,10/Jun/21 07:44,
Bug,HDFS-14941,13265150,Potential editlog race condition can cause corrupted file,vagarychen,vagarychen,Major,Resolved,Fixed,29/Oct/19 23:38,10/Jun/21 07:43,
Bug,HDFS-15403,13310459,NPE in FileIoProvider#transferToSocketFully,hemanthboyina,hemanthboyina,Major,Resolved,Fixed,09/Jun/20 18:54,10/Jun/21 07:43,
Bug,HDFS-15900,13365730,RBF: empty blockpool id on dfsrouter caused by UNAVAILABLE NameNode,hdaikoku,hdaikoku,Major,Resolved,Fixed,17/Mar/21 07:13,10/Jun/21 07:43,
Bug,HDFS-15339,13303253,TestHDFSCLI fails for user names with the dot/dash character,yanxl,yanxl,Major,Resolved,Fixed,07/May/20 02:39,10/Jun/21 07:43,
Bug,HDFS-15439,13313489,Setting dfs.mover.retry.max.attempts to negative value will retry forever.,AMC-team,AMC-team,Major,Resolved,Fixed,25/Jun/20 17:28,10/Jun/21 07:43,
Bug,HDFS-14498,13233886,LeaseManager can loop forever on the file for which create has failed ,sodonnell,sershe,Major,Resolved,Fixed,17/May/19 01:11,10/Jun/21 07:43,
Bug,HDFS-15250,13295071,Setting `dfs.client.use.datanode.hostname` to true can crash the system because of unhandled UnresolvedAddressException,ctest.team,ctest.team,Major,Resolved,Fixed,30/Mar/20 19:01,10/Jun/21 07:43,
Bug,HDFS-15378,13308103,TestReconstructStripedFile#testErasureCodingWorkerXmitsWeight is failing on trunk,hemanthboyina,hemanthboyina,Major,Resolved,Fixed,28/May/20 17:04,10/Jun/21 07:43,
Bug,HDFS-15438,13313481,Setting dfs.disk.balancer.max.disk.errors = 0 will fail the block copy,AMC-team,AMC-team,Major,Resolved,Fixed,25/Jun/20 16:37,10/Jun/21 07:43,
Bug,HDFS-15916,13367163,DistCp: Backward compatibility: Distcp fails from Hadoop 3 to Hadoop 2 for snapshotdiff,ayushtkn,smajeti,Major,Resolved,Fixed,24/Mar/21 07:03,09/Jun/21 02:34,
Bug,HDFS-16050,13381222,Some dynamometer tests fail,aajisaka,aajisaka,Major,Resolved,Fixed,31/May/21 07:24,07/Jun/21 06:21,
Bug,HDFS-15998,13375202,Fix NullPointException In listOpenFiles,haiyang Hu,haiyang Hu,Major,Resolved,Fixed,27/Apr/21 03:36,01/Jun/21 13:46,
Bug,HDFS-16046,13380887,TestBalanceProcedureScheduler and TestDistCpProcedure timeout,aajisaka,aajisaka,Major,Resolved,Fixed,28/May/21 01:48,29/May/21 14:05,
Bug,HDFS-14849,13256713,Erasure Coding: the internal block is replicated many times when datanode is decommissioning,marvelrock,marvelrock,Major,Resolved,Fixed,15/Sep/19 03:29,26/May/21 10:24,
Bug,HDFS-16031,13379342,Possible Resource Leak in org.apache.hadoop.hdfs.server.aliasmap#InMemoryAliasMap,NargesShadab,NargesShadab,Major,Resolved,Fixed,19/May/21 18:38,26/May/21 05:50,
Bug,HDFS-15545,13324931,(S)Webhdfs will not use updated delegation tokens available in the ugi after the old ones expire,ibuenros,ibuenros,Major,Resolved,Fixed,27/Aug/20 23:23,24/May/21 02:59,
Bug,HDFS-15660,13337627,StorageTypeProto is not compatiable between 3.x and 2.6,jianliang.wu,jianliang.wu,Major,Resolved,Fixed,28/Oct/20 10:03,24/May/21 02:53,
Bug,HDFS-15148,13281825,dfs.namenode.send.qop.enabled should not apply to primary NN port,vagarychen,vagarychen,Major,Resolved,Fixed,28/Jan/20 00:20,17/May/21 04:25,
Bug,HDFS-15988,13373039,Stabilise HDFS Pre-Commit,ayushtkn,ayushtkn,Major,Resolved,Fixed,16/Apr/21 14:20,15/May/21 19:16,
Bug,HDFS-14986,13268007,ReplicaCachingGetSpaceUsed throws  ConcurrentModificationException,Aiphag0,jianliang.wu,Major,Resolved,Fixed,13/Nov/19 12:02,07/May/21 13:14,
Bug,HDFS-15810,13355952,RBF: RBFMetrics's TotalCapacity out of bounds,fengnanli,weisonwei,Major,Resolved,Fixed,01/Feb/21 13:55,03/May/21 15:30,
Bug,HDFS-15561,13326455,RBF: Fix NullPointException when start dfsrouter,fengnanli,lamberken,Major,Resolved,Fixed,08/Sep/20 12:03,29/Apr/21 13:17,
Bug,HDFS-15624,13334759, Fix the SetQuotaByStorageTypeOp problem after updating hadoop ,huangtianhua,wangyayun,Major,Resolved,Fixed,10/Oct/20 03:54,29/Apr/21 06:55,
Bug,HDFS-15974,13372279,RBF: Unable to display the datanode UI of the router,zhuxiangyi,zhuxiangyi,Major,Resolved,Fixed,14/Apr/21 11:33,23/Apr/21 02:29,
Bug,HDFS-15423,13312571,RBF: WebHDFS create shouldn't choose DN from all sub-clusters,fengnanli,csun,Major,Resolved,Fixed,20/Jun/20 01:51,15/Apr/21 23:12,
Bug,HDFS-15243,13294155,Add an option to prevent sub-directories of protected directories from deletion,rain_lyy,rain_lyy,Major,Resolved,Fixed,26/Mar/20 09:39,09/Apr/21 04:05,
Bug,HDFS-15949,13369391,Fix integer overflow,gaurava,gaurava,Major,Resolved,Fixed,03/Apr/21 06:14,06/Apr/21 10:11,04/Apr/21 00:00
Bug,HDFS-15362,13305719,FileWithSnapshotFeature#updateQuotaAndCollectBlocks should collect all distinct blocks,hemanthboyina,hemanthboyina,Major,Resolved,Fixed,18/May/20 16:46,02/Apr/21 09:56,
Bug,HDFS-15351,13304169,Blocks scheduled count was wrong on truncate ,hemanthboyina,hemanthboyina,Major,Resolved,Fixed,11/May/20 17:07,02/Apr/21 09:56,
Bug,HDFS-15316,13302183,Deletion failure should not remove directory from snapshottables,hemanthboyina,hemanthboyina,Major,Resolved,Fixed,30/Apr/20 18:45,02/Apr/21 09:56,
Bug,HDFS-15252,13295315,HttpFS: setWorkingDirectory should not accept invalid paths,hemanthboyina,hemanthboyina,Major,Resolved,Fixed,31/Mar/20 17:14,02/Apr/21 09:56,
Bug,HDFS-15591,13328923,RBF: Fix webHdfs file display error,wangzhaohui,wangzhaohui,Major,Resolved,Fixed,23/Sep/20 06:16,02/Apr/21 09:55,
Bug,HDFS-15300,13301235,RBF: updateActiveNamenode() is invalid when RPC address is IP,xuzq_zander,xuzq_zander,Major,Resolved,Fixed,27/Apr/20 11:21,02/Apr/21 09:55,
Bug,HDFS-15198,13288190,RBF: Add test for MountTableRefresherService failed to refresh other router MountTableEntries in secure mode,zhengchenyu,zhengchenyu,Major,Resolved,Fixed,28/Feb/20 03:43,02/Apr/21 09:55,
Bug,HDFS-15265,13296562,HttpFS: validate content-type in HttpFSUtils,hemanthboyina,hemanthboyina,Major,Resolved,Fixed,06/Apr/20 16:30,02/Apr/21 06:09,
Bug,HDFS-15266,13296565,Add missing DFSOps Statistics in WebHDFS,ayushtkn,ayushtkn,Major,Resolved,Fixed,06/Apr/20 16:52,02/Apr/21 06:09,
Bug,HDFS-15667,13338928,Audit log record the unexpected allowed result when delete called,maobaolong,maobaolong,Major,Resolved,Fixed,05/Nov/20 03:07,02/Apr/21 06:08,
Bug,HDFS-15332,13302716,Quota Space consumed was wrong in truncate with Snapshots,hemanthboyina,hemanthboyina,Major,Resolved,Fixed,04/May/20 18:06,02/Apr/21 06:08,
Bug,HDFS-15246,13294516,ArrayIndexOfboundsException in BlockManager CreateLocatedBlock,hemanthboyina,hemanthboyina,Major,Resolved,Fixed,27/Mar/20 17:27,02/Apr/21 06:08,
Bug,HDFS-15494,13319561,TestReplicaCachingGetSpaceUsed#testReplicaCachingGetSpaceUsedByRBWReplica Fails on Windows,Sushma_28,Sushma_28,Major,Resolved,Fixed,27/Jul/20 15:09,01/Apr/21 03:53,
Bug,HDFS-15253,13295352,Set default throttle value on dfs.image.transfer.bandwidthPerSec,kpalanisamy,kpalanisamy,Major,Resolved,Fixed,31/Mar/20 20:24,31/Mar/21 03:29,
Bug,HDFS-15507,13320579,[JDK 11] Fix javadoc errors in hadoop-hdfs-client module,risyomei,aajisaka,Major,Resolved,Fixed,03/Aug/20 02:43,31/Mar/21 03:28,
Bug,HDFS-15506,13320577,[JDK 11] Fix javadoc errors in hadoop-hdfs module,risyomei,aajisaka,Major,Resolved,Fixed,03/Aug/20 02:37,31/Mar/21 03:28,
Bug,HDFS-15508,13320585,[JDK 11] Fix javadoc errors in hadoop-hdfs-rbf module,aajisaka,aajisaka,Major,Resolved,Fixed,03/Aug/20 04:30,31/Mar/21 03:28,
Bug,HDFS-15331,13302661,Remove invalid exclusions that minicluster dependency on HDFS,jiwq,jiwq,Major,Resolved,Fixed,04/May/20 15:18,31/Mar/21 03:28,
Bug,HDFS-15927,13368087,Catch polymorphic type by reference,gaurava,gaurava,Major,Resolved,Fixed,27/Mar/21 11:48,30/Mar/21 20:39,28/Mar/21 00:00
Bug,HDFS-15935,13368436,Use memcpy for copying non-null terminated string,gaurava,gaurava,Major,Resolved,Fixed,29/Mar/21 17:34,29/Mar/21 17:39,30/Mar/21 00:00
Bug,HDFS-15922,13367643,Use memcpy for copying non-null terminated string in jni_helper.c,gaurava,gaurava,Major,Resolved,Fixed,25/Mar/21 16:04,29/Mar/21 17:36,26/Mar/21 00:00
Bug,HDFS-15456,13315666,TestExternalStoragePolicySatisfier fails intermittently,LeonG,ahussein,Major,Resolved,Fixed,08/Jul/20 15:54,24/Mar/21 21:08,
Bug,HDFS-14546,13237598,Document block placement policies,Amithsha,elgoiri,Major,Resolved,Fixed,04/Jun/19 22:42,24/Mar/21 09:48,
Bug,HDFS-15610,13330265,Reduce datanode upgrade/hardlink thread,kpalanisamy,kpalanisamy,Major,Resolved,Fixed,01/Oct/20 00:52,24/Mar/21 09:47,
Bug,HDFS-15380,13308475,RBF: Could not fetch real remote IP in RouterWebHdfsMethods,tomscut,tomscut,Major,Resolved,Fixed,30/May/20 10:12,24/Mar/21 09:47,
Bug,HDFS-15275,13298072,HttpFS: Response of Create was not correct with noredirect and data are true,hemanthboyina,hemanthboyina,Major,Resolved,Fixed,13/Apr/20 16:00,24/Mar/21 09:46,
Bug,HDFS-15249,13294916,ThrottledAsyncChecker is not thread-safe.,brfrn169,brfrn169,Major,Resolved,Fixed,30/Mar/20 07:34,24/Mar/21 07:12,
Bug,HDFS-15743,13347135,Fix -Pdist build failure of hadoop-hdfs-native-client,iwasakims,iwasakims,Major,Resolved,Fixed,21/Dec/20 12:08,24/Mar/21 06:25,
Bug,HDFS-15908,13366419,Possible Resource Leak in org.apache.hadoop.hdfs.qjournal.server.Journal,NargesShadab,NargesShadab,Major,Resolved,Fixed,19/Mar/21 18:40,24/Mar/21 06:22,
Bug,HDFS-15868,13361945,Possible Resource Leak in EditLogFileOutputStream,NargesShadab,NargesShadab,Major,Resolved,Fixed,02/Mar/21 19:51,24/Mar/21 06:22,
Bug,HDFS-15809,13355943,DeadNodeDetector doesn't remove live nodes from dead node set.,LiJinglun,LiJinglun,Major,Resolved,Fixed,01/Feb/21 13:38,24/Mar/21 06:21,
Bug,HDFS-15806,13355817,DeadNodeDetector should close all the threads when it is closed.,LiJinglun,LiJinglun,Major,Resolved,Fixed,01/Feb/21 06:41,24/Mar/21 06:21,
Bug,HDFS-15791,13354547,Possible Resource Leak in FSImageFormatProtobuf,NargesShadab,NargesShadab,Major,Resolved,Fixed,25/Jan/21 23:25,24/Mar/21 06:20,
Bug,HDFS-15661,13337837,The DeadNodeDetector shouldn't be shared by different DFSClients.,LiJinglun,LiJinglun,Major,Resolved,Fixed,29/Oct/20 09:29,24/Mar/21 06:20,
Bug,HDFS-15093,13277668,RENAME.TO_TRASH is ignored When RENAME.OVERWRITE is specified,ayushtkn,Harsha1206,Major,Resolved,Fixed,06/Jan/20 09:55,23/Mar/21 15:58,
Bug,HDFS-15443,13313781,Setting dfs.datanode.max.transfer.threads to a very small value can cause strange failure.,AMC-team,AMC-team,Major,Resolved,Fixed,27/Jun/20 17:52,22/Mar/21 12:59,
Bug,HDFS-15792,13354825,ClasscastException while loading FSImage,prasad-acit,prasad-acit,Major,Resolved,Fixed,27/Jan/21 06:41,22/Mar/21 03:15,
Bug,HDFS-15839,13359222,RBF: Cannot get method setBalancerBandwidth on Router Client,hadoop_yangyun,hadoop_yangyun,Major,Resolved,Fixed,18/Feb/21 06:48,20/Feb/21 14:15,
Bug,HDFS-15801,13355365,Backport HDFS-14582 to branch-2.10 (Failed to start DN with ArithmeticException when NULL checksum used),Symious,Symious,Major,Resolved,Fixed,29/Jan/21 07:14,03/Feb/21 01:10,
Bug,HDFS-14604,13241405,OEV tool fails to read edit xml file if OP_TRUNCATE has  BLOCK tag,,huowang,Major,Resolved,Fixed,25/Jun/19 07:10,21/Jan/21 05:40,
Bug,HDFS-14831,13255422,Downgrade Failed from 3.2.0 to 2.7 because of incompatible stringtable ,ferhui,ferhui,Major,Resolved,Fixed,07/Sep/19 10:18,09/Dec/20 12:21,
Bug,HDFS-14961,13266704,[SBN read] Prevent ZKFC changing Observer Namenode state,ayushtkn,elgoiri,Major,Resolved,Fixed,07/Nov/19 01:47,02/Nov/20 22:35,
Bug,HDFS-15580,13327845,[JDK 12] DFSTestUtil#addDataNodeLayoutVersion fails,aajisaka,aajisaka,Major,Resolved,Fixed,16/Sep/20 10:23,27/Oct/20 10:19,
Bug,HDFS-15626,13335044,TestWebHDFS.testLargeDirectory failing,mukund-thakur,mukund-thakur,Major,Resolved,Fixed,12/Oct/20 15:39,19/Oct/20 16:00,
Bug,HDFS-15191,13287340,EOF when reading legacy buffer in BlockTokenIdentifier,Steven Rand,Steven Rand,Major,Resolved,Fixed,24/Feb/20 20:33,15/Oct/20 08:57,
Bug,HDFS-15543,13324804,"RBF: Write Should allow, when a subcluster is unavailable for RANDOM mount points with fault Tolerance enabled. ",hemanthboyina,Harsha1206,Major,Resolved,Fixed,27/Aug/20 10:03,07/Oct/20 04:32,
Bug,HDFS-15458,13315674,TestNameNodeRetryCacheMetrics fails intermittently,ferhui,ahussein,Major,Resolved,Fixed,08/Jul/20 16:19,05/Oct/20 16:42,
Bug,HDFS-15223,13291825,FSCK fails if one namenode is not available,ayushtkn,ayushtkn,Major,Resolved,Fixed,15/Mar/20 14:46,05/Oct/20 10:12,
Bug,HDFS-14442,13228963,Disagreement between HAUtil.getAddressOfActive and RpcInvocationHandler.getConnectionId,Sushma_28,xkrogen,Major,Resolved,Fixed,18/Apr/19 22:03,05/Oct/20 10:12,
Bug,HDFS-15600,13329469,TestRouterQuota fails in trunk,huangtianhua,ayushtkn,Major,Resolved,Fixed,25/Sep/20 18:41,30/Sep/20 02:02,
Bug,HDFS-15595,13329074,TestSnapshotCommands.testMaxSnapshotLimit fails in trunk,shashikant,liuml07,Major,Closed,Fixed,23/Sep/20 20:55,24/Sep/20 22:13,
Bug,HDFS-14859,13257853,Prevent unnecessary evaluation of costly operation getNumLiveDataNodes when dfs.namenode.safemode.min.datanodes is not zero,smajeti,smajeti,Major,Resolved,Fixed,20/Sep/19 06:07,23/Sep/20 19:56,24/Sep/19 00:00
Bug,HDFS-15573,13327046,Only log warning if considerLoad and considerStorageType are both true,sodonnell,sodonnell,Major,Resolved,Fixed,11/Sep/20 09:26,12/Sep/20 08:59,
Bug,HDFS-15054,13274173,Delete Snapshot not updating new modification time,hemanthboyina,hemanthboyina,Major,Resolved,Fixed,12/Dec/19 14:54,09/Sep/20 17:50,
Bug,HDFS-14924,13264012,RenameSnapshot not updating new modification time,hemanthboyina,hemanthboyina,Major,Resolved,Fixed,23/Oct/19 12:55,09/Sep/20 17:50,
Bug,HDFS-14922,13263979,Prevent snapshot modification time got change on startup,hemanthboyina,hemanthboyina,Major,Resolved,Fixed,23/Oct/19 09:16,09/Sep/20 17:50,
Bug,HDFS-15471,13316762,TestHDFSContractMultipartUploader fails on trunk,stevel@apache.org,ahussein,Major,Resolved,Fixed,14/Jul/20 19:05,31/Aug/20 02:20,
Bug,HDFS-15290,13299842,NPE in HttpServer during NameNode startup,simbadzina,shv,Major,Resolved,Fixed,21/Apr/20 01:27,30/Aug/20 17:31,
Bug,HDFS-15540,13324680,Directories protected from delete can still be moved to the trash,sodonnell,sodonnell,Major,Resolved,Fixed,26/Aug/20 17:28,27/Aug/20 06:15,
Bug,HDFS-14504,13234564,Rename with Snapshots does not honor quota limit,hemanthboyina,shashikant,Major,Resolved,Fixed,21/May/19 10:31,23/Aug/20 10:45,
Bug,HDFS-15535,13322963,RBF: Fix Namespace path to snapshot path resolution for snapshot API,ayushtkn,ayushtkn,Major,Resolved,Fixed,16/Aug/20 20:32,20/Aug/20 18:30,
Bug,HDFS-14535,13237014,The default 8KB buffer in requestFileDescriptors#BufferedOutputStream is causing lots of heap allocation in HBase when using short-circut read,openinx,openinx,Major,Resolved,Fixed,01/Jun/19 04:01,13/Aug/20 09:15,
Bug,HDFS-15523,13322133,Fix the findbugs warnings from HDFS-15520,szetszwo,szetszwo,Major,Resolved,Fixed,11/Aug/20 22:10,12/Aug/20 04:44,
Bug,HDFS-15499,13320084,Clean up httpfs/pom.xml to remove aws-java-sdk-s3 exclusion,liuml07,liuml07,Major,Resolved,Fixed,30/Jul/20 00:52,05/Aug/20 06:29,
Bug,HDFS-15503,13320237,File and directory permissions are not able to be modified from WebUI,hemanthboyina,hemanthboyina,Major,Resolved,Fixed,30/Jul/20 16:53,03/Aug/20 18:17,
Bug,HDFS-15408,13310903,Failed execution caused by SocketTimeoutException,,echohlne,Major,Resolved,Fixed,11/Jun/20 11:29,02/Aug/20 17:39,
Bug,HDFS-15229,13292465, Truncate info should be logged at INFO level,Sushma_28,Sushma_28,Major,Resolved,Fixed,18/Mar/20 13:14,02/Aug/20 06:53,
Bug,HDFS-14950,13265683,missing libhdfspp libs in dist-package,yuanzhou,yuanzhou,Major,Resolved,Fixed,01/Nov/19 03:47,31/Jul/20 08:06,
Bug,HDFS-15470,13316736,Added more unit tests to validate rename behaviour across snapshots,shashikant,shashikant,Major,Resolved,Fixed,14/Jul/20 16:33,21/Jul/20 06:00,
Bug,HDFS-15319,13302269,Fix INode#isInLatestSnapshot() API,shashikant,shashikant,Major,Resolved,Fixed,01/May/20 06:49,15/Jul/20 05:38,
Bug,HDFS-15036,13272843,Active NameNode should not silently fail the image transfer,vagarychen,shv,Major,Resolved,Fixed,06/Dec/19 20:11,08/Jun/20 22:02,
Bug,HDFS-14931,13264338,hdfs crypto commands limit column width,ebadger,ebadger,Major,Resolved,Fixed,24/Oct/19 20:00,02/Jun/20 14:53,
Bug,HDFS-15373,13307049,Fix number of threads in IPCLoggerChannel#createParallelExecutor,ayushtkn,ayushtkn,Major,Resolved,Fixed,24/May/20 11:15,26/May/20 11:18,
Bug,HDFS-15038,13272975,TestFsck testFsckListCorruptSnapshotFiles is failing in trunk,hemanthboyina,hemanthboyina,Major,Resolved,Fixed,08/Dec/19 02:24,14/May/20 18:27,
Bug,HDFS-15343,13303546,TestConfiguredFailoverProxyProvider is failing,aajisaka,aajisaka,Major,Resolved,Fixed,08/May/20 05:45,08/May/20 08:33,
Bug,HDFS-14582,13240203,Failed to start DN with ArithmeticException when NULL checksum used,surendralilhore,surendralilhore,Major,Resolved,Fixed,18/Jun/19 13:06,08/May/20 05:11,
Bug,HDFS-15334,13302879,INodeAttributeProvider's new API checkPermissionWithContext not getting called in for authorization,weichiu,weichiu,Major,Resolved,Fixed,05/May/20 13:53,06/May/20 04:26,
Bug,HDFS-14647,13244875,NPE during secure namenode startup,fengnanli,fengnanli,Major,Resolved,Fixed,15/Jul/19 06:29,03/May/20 21:29,
Bug,HDFS-15325,13302453,TestRefreshCallQueue is failing due to changed CallQueue constructor,fengnanli,shv,Major,Resolved,Fixed,02/May/20 19:53,03/May/20 04:14,
Bug,HDFS-15320,13302274,StringIndexOutOfBoundsException in HostRestrictingAuthorizationFilter,aajisaka,aajisaka,Major,Resolved,Fixed,01/May/20 07:48,02/May/20 21:05,
Bug,HDFS-15149,13282392,TestDeadNodeDetection test cases time-out,leosun08,ahussein,Major,Resolved,Fixed,30/Jan/20 14:41,30/Apr/20 02:51,
Bug,HDFS-15285,13299452,The same distance and load nodes don't shuffle when consider DataNode load,leosun08,leosun08,Major,Resolved,Fixed,19/Apr/20 10:31,29/Apr/20 15:20,
Bug,HDFS-15301,13301249,statfs function in hdfs-fuse is not working,aryangupta1998,aryangupta1998,Major,Resolved,Fixed,27/Apr/20 12:10,29/Apr/20 05:51,
Bug,HDFS-15298,13300678,Fix the findbugs warnings introduced in HDFS-15217,brfrn169,brfrn169,Major,Resolved,Fixed,24/Apr/20 00:35,27/Apr/20 11:14,
Bug,HDFS-15297,13300651,TestNNHandlesBlockReportPerStorage::blockReport_02 fails intermittently in trunk,ayushtkn,liuml07,Major,Resolved,Fixed,23/Apr/20 20:35,25/Apr/20 23:01,
Bug,HDFS-15281,13298666,ZKFC ignores dfs.namenode.rpc-bind-host and uses dfs.namenode.rpc-address to bind to host address,dhegde,dhegde,Major,Resolved,Fixed,15/Apr/20 22:08,25/Apr/20 21:12,
Bug,HDFS-15218,13290803,RBF: MountTableRefresherService failed to refresh other router MountTableEntries in secure mode.,surendralilhore,surendralilhore,Major,Resolved,Fixed,10/Mar/20 13:16,18/Apr/20 15:01,
Bug,HDFS-14423,13227568,Percent (%) and plus (+) characters no longer work in WebHDFS,iwasakims,jingw,Major,Resolved,Fixed,11/Apr/19 22:06,17/Apr/20 04:50,
Bug,HDFS-15283,13298782,Cache pool MAXTTL is not persisted and restored on cluster restart,sodonnell,sodonnell,Major,Resolved,Fixed,16/Apr/20 11:15,17/Apr/20 04:40,
Bug,HDFS-15048,13273805,Fix findbug in DirectoryScanner,iwasakims,tasanuma,Major,Resolved,Fixed,11/Dec/19 08:55,13/Apr/20 06:59,
Bug,HDFS-15219,13291214,DFS Client will stuck when ResponseProcessor.run throw Error,zhengchenyu,zhengchenyu,Major,Resolved,Fixed,12/Mar/20 02:55,09/Apr/20 06:11,
Bug,HDFS-15165,13284942,In Du missed calling getAttributesProvider,bharat,bharat,Major,Resolved,Fixed,13/Feb/20 00:03,08/Apr/20 19:30,
Bug,HDFS-15263,13296339,Fix the logic of scope and excluded scope in Network Topology,ayushtkn,ayushtkn,Major,Resolved,Fixed,05/Apr/20 07:14,08/Apr/20 10:40,
Bug,HDFS-14578,13240076,AvailableSpaceBlockPlacementPolicy always prefers local node,ayushtkn,weichiu,Major,Resolved,Fixed,17/Jun/19 22:59,02/Apr/20 01:09,
Bug,HDFS-15201,13288966,SnapshotCounter hits MaxSnapshotID limit,kpalanisamy,kpalanisamy,Major,Resolved,Fixed,02/Mar/20 18:15,31/Mar/20 22:50,
Bug,HDFS-14957,13266598,INodeReference Space Consumed was not same in QuotaUsage and ContentSummary,hemanthboyina,hemanthboyina,Major,Resolved,Fixed,06/Nov/19 14:14,31/Mar/20 00:14,
Bug,HDFS-14919,13263524,Provide Non DFS Used per DataNode in DataNode UI,leosun08,leosun08,Major,Resolved,Fixed,21/Oct/19 12:22,28/Mar/20 09:02,
Bug,HDFS-15215,13290724,The Timestamp for longest write/read lock held log is wrong,brfrn169,brfrn169,Major,Resolved,Fixed,10/Mar/20 07:39,24/Mar/20 22:06,
Bug,HDFS-14429,13228080,Block remain in COMMITTED but not COMPLETE caused by Decommission,caiyicong,caiyicong,Major,Resolved,Fixed,15/Apr/19 11:45,24/Mar/20 07:31,
Bug,HDFS-15232,13293225,Fix libhdfspp test failures with GCC 7,aajisaka,aajisaka,Major,Resolved,Fixed,23/Mar/20 05:02,24/Mar/20 04:12,
Bug,HDFS-15227,13291984,NPE if the last block changes from COMMITTED to COMPLETE during FSCK,ayushtkn,mkris.reddy@gmail.com,Major,Resolved,Fixed,16/Mar/20 14:02,22/Mar/20 06:39,
Bug,HDFS-15214,13290580,WebHDFS: Add snapshot counts to Content Summary,hemanthboyina,hemanthboyina,Major,Resolved,Fixed,09/Mar/20 16:30,21/Mar/20 17:03,
Bug,HDFS-14884,13259736,Add sanity check that zone key equals feinfo key while setting Xattrs,msingh,msingh,Major,Resolved,Fixed,30/Sep/19 18:23,20/Mar/20 17:32,
Bug,HDFS-14820,13254697, The default 8KB buffer of BlockReaderRemote#newBlockReader#BufferedOutputStream is too big,leosun08,leosun08,Major,Resolved,Fixed,04/Sep/19 11:58,14/Mar/20 02:27,
Bug,HDFS-15155,13283690,writeIoRate of DataNodeVolumeMetrics is never used,huanghaibin,huanghaibin,Major,Resolved,Fixed,06/Feb/20 12:28,13/Mar/20 16:06,
Bug,HDFS-15216,13290772,Wrong Use Case of -showprogress in fsck ,Sushma_28,Sushma_28,Major,Resolved,Fixed,10/Mar/20 10:37,13/Mar/20 16:06,
Bug,HDFS-14612,13241875,SlowDiskReport won't update when SlowDisks is always empty in heartbeat,huanghaibin,huanghaibin,Major,Resolved,Fixed,27/Jun/19 07:47,13/Mar/20 00:46,
Bug,HDFS-15135,13280681,EC : ArrayIndexOutOfBoundsException in BlockRecoveryWorker#RecoveryTaskStriped.,Sushma_28,surendralilhore,Major,Resolved,Fixed,21/Jan/20 09:04,10/Mar/20 18:36,
Bug,HDFS-15212,13290106,TestEncryptionZones.testVersionAndSuiteNegotiation fails in trunk,ayushtkn,ayushtkn,Major,Resolved,Fixed,06/Mar/20 15:20,06/Mar/20 18:32,
Bug,HDFS-15204,13289334,TestRetryCacheWithHA testRemoveCacheDescriptor fails intermittently,ahussein,ahussein,Major,Resolved,Fixed,03/Mar/20 20:55,04/Mar/20 19:32,
Bug,HDFS-14977,13267492,Quota Usage and Content summary are not same in Truncate with Snapshot ,hemanthboyina,hemanthboyina,Major,Resolved,Fixed,11/Nov/19 14:15,04/Mar/20 18:36,
Bug,HDFS-15111,13278832,stopStandbyServices() should log which service state it is transitioning from.,risyomei,shv,Major,Resolved,Fixed,11/Jan/20 01:33,02/Mar/20 23:44,
Bug,HDFS-15199,13288206,NPE in BlockSender,ayushtkn,ayushtkn,Major,Resolved,Fixed,28/Feb/20 07:00,28/Feb/20 18:30,
Bug,HDFS-15166,13284945,Remove redundant field fStream in ByteStringLog,risyomei,shv,Major,Resolved,Fixed,13/Feb/20 00:38,24/Feb/20 15:19,
Bug,HDFS-15185,13286365,StartupProgress reports edits segments until the entire startup completes,shv,shv,Major,Resolved,Fixed,20/Feb/20 01:52,21/Feb/20 19:23,
Bug,HDFS-15052,13273935,WebHDFS getTrashRoot leads to OOM due to FileSystem object creation,iwasakims,weichiu,Major,Resolved,Fixed,11/Dec/19 17:34,21/Feb/20 05:39,
Bug,HDFS-14500,13234042,NameNode StartupProgress continues to report edit log segments after the LOADING_EDITS phase is finished,xkrogen,xkrogen,Major,Resolved,Fixed,17/May/19 19:22,20/Feb/20 01:55,
Bug,HDFS-15115,13279006,Namenode crash caused by NPE in BlockPlacementPolicyDefault when dynamically change logger to debug,wzx513,wzx513,Major,Resolved,Fixed,13/Jan/20 08:15,19/Feb/20 23:17,
Bug,HDFS-15164,13284871,Fix TestDelegationTokensWithHA,ayushtkn,ayushtkn,Major,Resolved,Fixed,12/Feb/20 16:55,14/Feb/20 17:11,
Bug,HDFS-15161,13284514,"When evictableMmapped or evictable size is zero, do not throw NoSuchElementException in ShortCircuitCache#close() ",leosun08,leosun08,Major,Resolved,Fixed,11/Feb/20 08:04,12/Feb/20 15:29,
Bug,HDFS-14541,13237439," When evictableMmapped or evictable size is zero, do not throw NoSuchElementException",leosun08,openinx,Major,Resolved,Fixed,04/Jun/19 09:48,11/Feb/20 08:06,
Bug,HDFS-15157,13284059,Fix compilation failure for branch-3.1,ayushtkn,ayushtkn,Major,Resolved,Fixed,08/Feb/20 05:32,09/Feb/20 02:58,
Bug,HDFS-15136,13280685,LOG flooding in secure mode when Cookies are not set in request header,prasad-acit,prasad-acit,Major,Resolved,Fixed,21/Jan/20 09:18,07/Feb/20 20:14,
Bug,HDFS-15145,13281774,HttpFS: getAclStatus() returns permission as null,hemanthboyina,hemanthboyina,Major,Resolved,Fixed,27/Jan/20 18:16,28/Jan/20 18:22,
Bug,HDFS-14993,13269258,checkDiskError doesn't work during datanode startup,hadoop_yangyun,hadoop_yangyun,Major,Resolved,Fixed,19/Nov/19 08:15,28/Jan/20 17:53,
Bug,HDFS-15143,13281369,LocatedStripedBlock returns wrong block type,ayushtkn,ayushtkn,Major,Resolved,Fixed,24/Jan/20 11:42,28/Jan/20 14:27,
Bug,HDFS-15126,13279853,TestDatanodeRegistration#testForcedRegistration fails intermittently,ahussein,ahussein,Major,Resolved,Fixed,16/Jan/20 15:14,21/Jan/20 21:36,
Bug,HDFS-14672,13247208,Backport HDFS-12703 to branch-2,hexiaoqiao,hexiaoqiao,Major,Resolved,Fixed,26/Jul/19 04:16,19/Jan/20 07:43,
Bug,HDFS-15108,13278487,RBF: MembershipNamenodeResolver should invalidate cache incase of active namenode update,ayushtkn,ayushtkn,Major,Resolved,Fixed,09/Jan/20 16:09,11/Jan/20 05:11,
Bug,HDFS-15099,13278058,[SBN Read] checkOperation(WRITE) should throw ObserverRetryOnActiveException on ObserverNode,vagarychen,shv,Major,Resolved,Fixed,08/Jan/20 02:34,11/Jan/20 02:13,
Bug,HDFS-15095,13277727,Fix accidental comment in flaky test TestDecommissioningStatus,ahussein,ahussein,Major,Resolved,Fixed,06/Jan/20 15:52,10/Jan/20 19:14,
Bug,HDFS-15110,13278607,"HttpFS: POST requests are not supported for path ""/""",hemanthboyina,hemanthboyina,Major,Resolved,Fixed,10/Jan/20 04:04,10/Jan/20 17:13,
Bug,HDFS-15102,13278403,"HttpFS: put requests are not supported for path ""/""",hemanthboyina,hemanthboyina,Major,Resolved,Fixed,09/Jan/20 08:30,10/Jan/20 05:00,
Bug,HDFS-15080,13276285,Fix the issue in reading persistent memory cached data with an offset,PhiloHe,PhiloHe,Major,Resolved,Fixed,25/Dec/19 03:17,08/Jan/20 09:11,
Bug,HDFS-15063,13274803,HttpFS : getFileStatus doesn't return ecPolicy,hemanthboyina,hemanthboyina,Major,Resolved,Fixed,16/Dec/19 17:01,01/Jan/20 02:43,
Bug,HDFS-14934,13264439,[SBN Read] Standby NN throws many InterruptedExceptions when dfs.ha.tail-edits.period is 0,ayushtkn,tasanuma,Major,Resolved,Fixed,25/Oct/19 07:57,28/Dec/19 15:08,
Bug,HDFS-15076,13275835,"Fix tests that hold FSDirectory lock, without holding FSNamesystem lock.",shv,shv,Major,Resolved,Fixed,21/Dec/19 00:47,24/Dec/19 21:04,
Bug,HDFS-14519,13236216,"NameQuota is not update after concat operation, so namequota is wrong",RANith,RANith,Major,Resolved,Fixed,29/May/19 11:12,17/Dec/19 16:53,
Bug,HDFS-15032,13272294,Balancer crashes when it fails to contact an unavailable NN via ObserverReadProxyProvider,xkrogen,xkrogen,Major,Resolved,Fixed,04/Dec/19 18:15,11/Dec/19 17:52,
Bug,HDFS-15045,13273561,DataStreamer#createBlockOutputStream() should log exception in warn.,Sushma_28,surendralilhore,Major,Resolved,Fixed,10/Dec/19 09:08,11/Dec/19 03:39,
Bug,HDFS-15040,13273263,RBF: Secured Router should not run when SecretManager is not running,tasanuma,tasanuma,Major,Resolved,Fixed,09/Dec/19 07:14,10/Dec/19 07:30,
Bug,HDFS-15005,13269955,Backport HDFS-12300 to branch-2,csun,csun,Major,Resolved,Fixed,21/Nov/19 21:47,09/Dec/19 20:06,
Bug,HDFS-14973,13267158,Balancer getBlocks RPC dispersal does not function properly,xkrogen,xkrogen,Major,Resolved,Fixed,08/Nov/19 18:05,09/Dec/19 20:05,
Bug,HDFS-15017,13270850,Remove redundant import of AtomicBoolean in NameNodeConnector.,csun,shv,Major,Resolved,Fixed,27/Nov/19 01:18,07/Dec/19 21:51,
Bug,HDFS-15010,13270268,BlockPoolSlice#addReplicaThreadPool static pool should be initialized by static method,surendralilhore,surendralilhore,Major,Resolved,Fixed,23/Nov/19 19:19,04/Dec/19 18:38,
Bug,HDFS-15009,13270061,"FSCK ""-list-corruptfileblocks"" return Invalid Entries",hemanthboyina,hemanthboyina,Major,Resolved,Fixed,22/Nov/19 09:50,04/Dec/19 18:37,
Bug,HDFS-14992,13269085,TestOfflineEditsViewer is failing in Trunk,hemanthboyina,hemanthboyina,Major,Resolved,Fixed,18/Nov/19 14:01,21/Nov/19 08:22,
Bug,HDFS-14996,13269352,RBF: GetFileStatus fails for directory with EC policy set in case of multiple destinations ,ayushtkn,ayushtkn,Major,Resolved,Fixed,19/Nov/19 17:11,21/Nov/19 07:03,
Bug,HDFS-14967,13266876,TestWebHDFS  fails in Windows ,prasad-acit,prasad-acit,Major,Resolved,Fixed,07/Nov/19 17:31,18/Nov/19 13:39,
Bug,HDFS-14802,13253904,The feature of protect directories should be used in RenameOp,ferhui,ferhui,Major,Resolved,Fixed,30/Aug/19 11:04,15/Nov/19 20:53,
Bug,HDFS-14720,13250189,DataNode shouldn't report block as bad block if the block length is Long.MAX_VALUE.,hemanthboyina,surendralilhore,Major,Resolved,Fixed,12/Aug/19 06:30,09/Nov/19 17:15,
Bug,HDFS-14807,13254042,SetTimes updates all negative values apart from -1,ayushtkn,Harsha1206,Major,Resolved,Fixed,31/Aug/19 07:18,07/Nov/19 23:44,
Bug,HDFS-14806,13254019,Bootstrap standby may fail if used in-progress tailing,vagarychen,vagarychen,Major,Resolved,Fixed,30/Aug/19 22:31,07/Nov/19 00:31,
Bug,HDFS-14946,13265464,Erasure Coding: Block recovery failed during decommissioning,ferhui,ferhui,Major,Resolved,Fixed,31/Oct/19 07:35,06/Nov/19 16:52,
Bug,HDFS-14880,13259266,Correct the sequence of statistics & exit message in balencer,prasad-acit,prasad-acit,Major,Resolved,Fixed,27/Sep/19 12:54,06/Nov/19 16:43,
Bug,HDFS-14499,13233967,Misleading REM_QUOTA value with snapshot and trash feature enabled for a directory,shashikant,shashikant,Major,Resolved,Fixed,17/May/19 14:01,06/Nov/19 14:45,
Bug,HDFS-14938,13264801,Add check if excludedNodes contain scope in DFSNetworkTopology#chooseRandomWithStorageType() ,leosun08,leosun08,Major,Resolved,Fixed,28/Oct/19 12:13,05/Nov/19 04:30,
Bug,HDFS-14925,13264051,rename operation should check nest snapshot,zhjwpku,zhjwpku,Major,Resolved,Fixed,23/Oct/19 15:38,01/Nov/19 23:51,
Bug,HDFS-14730,13250843,Remove unused configuration dfs.web.authentication.filter ,zhangchen,zhangchen,Major,Resolved,Fixed,14/Aug/19 18:20,29/Oct/19 02:41,
Bug,HDFS-14913,13263038,Correct the value of available count in DFSNetworkTopology#chooseRandomWithStorageType() ,ayushtkn,ayushtkn,Major,Resolved,Fixed,18/Oct/19 08:19,25/Oct/19 10:00,
Bug,HDFS-14492,13233483,Snapshot memory leak,weichiu,weichiu,Major,Resolved,Fixed,15/May/19 13:40,24/Oct/19 20:25,
Bug,HDFS-14609,13241561,RBF: Security should use common AuthenticationFilter,zhangchen,crh,Major,Resolved,Fixed,25/Jun/19 18:37,23/Oct/19 16:14,
Bug,HDFS-14887,13259890,"RBF: In Router Web UI, Observer Namenode Information displaying as Unavailable",hemanthboyina,hemanthboyina,Major,Resolved,Fixed,01/Oct/19 11:38,19/Oct/19 20:38,
Bug,HDFS-14909,13262387,DFSNetworkTopology#chooseRandomWithStorageType() should not decrease storage count for excluded node which is already part of excluded scope ,surendralilhore,surendralilhore,Major,Resolved,Fixed,15/Oct/19 15:08,18/Oct/19 08:21,
Bug,HDFS-14739,13250999,RBF: LS command for mount point shows wrong owner and permission information.,LiJinglun,xuzq_zander,Major,Resolved,Fixed,15/Aug/19 11:13,16/Oct/19 14:26,
Bug,HDFS-14886,13259874,"In NameNode Web UI's Startup Progress page, Loading edits always shows 0 sec",hemanthboyina,hemanthboyina,Major,Resolved,Fixed,01/Oct/19 11:12,14/Oct/19 18:49,
Bug,HDFS-14900,13260979, Fix build failure of hadoop-hdfs-native-client,iwasakims,iwasakims,Major,Resolved,Fixed,07/Oct/19 22:49,10/Oct/19 16:33,
Bug,HDFS-14686,13248038,HttpFS: HttpFSFileSystem#getErasureCodingPolicy always returns null,smeng,smeng,Major,Resolved,Fixed,31/Jul/19 08:05,04/Oct/19 17:12,
Bug,HDFS-14879,13259244,Header was wrong in Snapshot web UI,hemanthboyina,hemanthboyina,Major,Resolved,Fixed,27/Sep/19 11:29,04/Oct/19 08:07,
Bug,HDFS-14637,13243750,Namenode may not replicate blocks to meet the policy after enabling upgradeDomain,sodonnell,sodonnell,Major,Resolved,Fixed,08/Jul/19 19:28,04/Oct/19 05:30,
Bug,HDFS-14527,13236782,Stop all DataNodes may result in NN terminate,hexiaoqiao,hexiaoqiao,Major,Resolved,Fixed,31/May/19 08:06,04/Oct/19 00:57,
Bug,HDFS-14660,13245673,[SBN Read] ObserverNameNode should throw StandbyException for requests not from ObserverProxyProvider,csun,csun,Major,Resolved,Fixed,18/Jul/19 05:30,03/Oct/19 23:54,
Bug,HDFS-14494,13233563,Move Server logging of StatedId inside receiveRequestState(),shwetayakkali,shv,Major,Resolved,Fixed,15/May/19 18:38,03/Oct/19 23:53,
Bug,HDFS-14881,13259589,"Safemode 'forceExit' option, doesnt shown in help message",prasad-acit,prasad-acit,Major,Resolved,Fixed,30/Sep/19 06:29,03/Oct/19 17:25,
Bug,HDFS-14808,13254043,EC: Improper size values for corrupt ec block in LOG ,ayushtkn,Harsha1206,Major,Resolved,Fixed,31/Aug/19 07:29,02/Oct/19 20:54,
Bug,HDFS-14873,13258746,Fix dfsadmin doc for triggerBlockReport,ferhui,ferhui,Major,Resolved,Fixed,25/Sep/19 09:18,02/Oct/19 17:15,
Bug,HDFS-14623,13242424,"In NameNode Web UI, for Head the file (first 32K) old data is showing",hemanthboyina,hemanthboyina,Major,Resolved,Fixed,01/Jul/19 06:35,02/Oct/19 17:15,
Bug,HDFS-14557,13238624,JournalNode error: Can't scan a pre-transactional edit log,sodonnell,weichiu,Major,Resolved,Fixed,10/Jun/19 20:39,02/Oct/19 17:15,
Bug,HDFS-14465,13231695,"When the Block expected replications is larger than the number of DataNodes, entering maintenance will never exit.",caiyicong,caiyicong,Major,Resolved,Fixed,06/May/19 03:03,02/Oct/19 17:15,
Bug,HDFS-14685,13248015,DefaultAuditLogger doesn't print CallerContext,xuzq_zander,xuzq_zander,Major,Resolved,Fixed,31/Jul/19 06:36,02/Oct/19 17:14,
Bug,HDFS-14846,13256430,libhdfs tests are failing on trunk due to jni usage bugs,stakiar,stakiar,Major,Resolved,Fixed,12/Sep/19 22:18,02/Oct/19 17:14,
Bug,HDFS-14569,13239517,Result of crypto -listZones is not formatted properly,hemanthboyina,hemanthboyina,Major,Resolved,Fixed,14/Jun/19 12:10,02/Oct/19 17:14,
Bug,HDFS-14796,13253636,Define LOG instead of BlockManager.LOG in ErasureCodingWork/ReplicationWork,ferhui,ferhui,Major,Resolved,Fixed,29/Aug/19 07:40,02/Oct/19 17:13,
Bug,HDFS-14425,13227996,Native build fails on macos due to jlong in hdfs.c,hunhun,hunhun,Major,Resolved,Fixed,15/Apr/19 03:18,02/Oct/19 17:13,
Bug,HDFS-14512,13235343,ONE_SSD policy will be violated while write data with DistributedFileSystem.create(....favoredNodes),ayushtkn,shenyinjie,Major,Resolved,Fixed,24/May/19 09:27,02/Oct/19 17:13,
Bug,HDFS-14583,13240339,FileStatus#toString() will throw IllegalArgumentException,xuzq_zander,xuzq_zander,Major,Resolved,Fixed,19/Jun/19 03:42,02/Oct/19 17:13,
Bug,HDFS-14414,13226109,Clean up findbugs warning in branch-2,dineshchitlangia,weichiu,Major,Resolved,Fixed,04/Apr/19 12:39,02/Oct/19 17:12,
Bug,HDFS-14418,13226717,Remove redundant super user priveledge checks from namenode.,ayushtkn,ayushtkn,Major,Resolved,Fixed,08/Apr/19 14:29,01/Oct/19 16:31,
Bug,HDFS-14853,13257394,NPE in DFSNetworkTopology#chooseRandomWithStorageType() when the excludedNode is not present,RANith,RANith,Major,Resolved,Fixed,18/Sep/19 14:06,28/Sep/19 03:53,
Bug,HDFS-14874,13258749,Fix TestHDFSCLI and TestDFSShell test break because of logging change in mkdir,gabor.bota,gabor.bota,Major,Resolved,Fixed,25/Sep/19 09:27,26/Sep/19 05:01,
Bug,HDFS-14777,13253038,RBF: Set ReadOnly is failing for mount Table but actually readonly succeed to set,RANith,RANith,Major,Resolved,Fixed,26/Aug/19 13:36,21/Sep/19 04:37,
Bug,HDFS-14759,13251946,HDFS cat logs an info message,ebadger,ebadger,Major,Resolved,Fixed,20/Aug/19 21:57,18/Sep/19 17:37,
Bug,HDFS-14835,13255571,RBF: Secured Router should not run when it can't initialize DelegationTokenSecretManager,tasanuma,tasanuma,Major,Resolved,Fixed,09/Sep/19 08:31,11/Sep/19 01:33,
Bug,HDFS-14826,13255178,dfs.ha.zkfc.port property duplicated in hdfs-default.xml,prasad-acit,prasad-acit,Major,Resolved,Fixed,06/Sep/19 07:40,06/Sep/19 12:28,
Bug,HDFS-14721,13250226,RBF: ProxyOpComplete is not accurate in FederationRPCPerformanceMonitor,xuzq_zander,xuzq_zander,Major,Resolved,Fixed,12/Aug/19 09:24,29/Aug/19 14:50,
Bug,HDFS-14772,13252660,RBF: hdfs-rbf-site.xml can't be loaded automatically,John Smith,John Smith,Major,Resolved,Fixed,23/Aug/19 12:50,27/Aug/19 16:44,
Bug,HDFS-14722,13250243,RBF: GetMountPointStatus should return mountTable information when getFileInfoAll throw IOException,xuzq_zander,xuzq_zander,Major,Resolved,Fixed,12/Aug/19 10:26,24/Aug/19 06:52,
Bug,HDFS-14761,13251967,RBF: MountTableResolver cannot invalidate cache correctly,John Smith,John Smith,Major,Resolved,Fixed,21/Aug/19 03:23,23/Aug/19 17:51,
Bug,HDFS-14747,13251573,RBF: IsFileClosed should be return false when the file is open in multiple destination,xuzq_zander,xuzq_zander,Major,Resolved,Fixed,19/Aug/19 12:26,23/Aug/19 13:51,
Bug,HDFS-14741,13251223,RBF: RecoverLease should be return false when the file is open in multiple destination,xuzq_zander,xuzq_zander,Major,Resolved,Fixed,16/Aug/19 11:11,22/Aug/19 03:57,
Bug,HDFS-14456,13229821,HAState#prepareToEnterState needn't a lock,hunhun,hunhun,Major,Resolved,Fixed,24/Apr/19 09:38,17/Aug/19 00:42,
Bug,HDFS-14719,13250185,Correct the safemode threshold value in BlockManagerSafeMode,hemanthboyina,surendralilhore,Major,Resolved,Fixed,12/Aug/19 05:45,15/Aug/19 07:10,
Bug,HDFS-14459,13230313,ClosedChannelException silently ignored in FsVolumeList.addBlockPool(),sodonnell,sodonnell,Major,Resolved,Fixed,26/Apr/19 13:36,08/Aug/19 20:53,
Bug,HDFS-14631,13243179,The DirectoryScanner doesn't fix the wrongly placed replica.,LiJinglun,LiJinglun,Major,Resolved,Fixed,04/Jul/19 10:55,07/Aug/19 20:48,
Bug,HDFS-14692,13248403,Upload button should not encode complete url,ljain,ljain,Major,Resolved,Fixed,01/Aug/19 18:31,06/Aug/19 22:45,
Bug,HDFS-14462,13230951,"WebHDFS throws ""Error writing request body to server"" instead of DSQuotaExceededException",simbadzina,xkrogen,Major,Resolved,Fixed,30/Apr/19 16:34,02/Aug/19 19:05,
Bug,HDFS-14661,13246326,RBF: updateMountTableEntry shouldn't update mountTableEntry if targetPath not exist,xuzq_zander,xuzq_zander,Major,Resolved,Fixed,22/Jul/19 13:46,01/Aug/19 03:50,
Bug,HDFS-14677,13247680,TestDataNodeHotSwapVolumes#testAddVolumesConcurrently fails intermittently in trunk,zhangchen,zhangchen,Major,Resolved,Fixed,29/Jul/19 15:21,30/Jul/19 19:37,
Bug,HDFS-14642,13244124,processMisReplicatedBlocks does not return correct processed count,sodonnell,sodonnell,Major,Resolved,Fixed,10/Jul/19 14:47,25/Jul/19 14:50,
Bug,HDFS-14537,13237252,Journaled Edits Cache is not cleared when formatting the JN,RANith,RANith,Major,Resolved,Fixed,03/Jun/19 14:09,19/Jun/19 05:35,
Bug,HDFS-14549,13237772,EditLogTailer shouldn't output full stack trace when interrupted,elgoiri,elgoiri,Major,Resolved,Fixed,05/Jun/19 17:44,14/Jun/19 20:42,
Bug,HDFS-14521,13236306,Suppress setReplication logging.,kihwal,kihwal,Major,Resolved,Fixed,29/May/19 18:51,30/May/19 22:56,
Bug,HDFS-14514,13235745,Actual read size of open file in encryption zone still larger than listing size even after enabling HDFS-11402 in Hadoop 2,smeng,smeng,Major,Resolved,Fixed,27/May/19 08:29,30/May/19 03:44,
Bug,HDFS-14482,13232378,Crash when using libhdfs with bad classpath,stakiar,tlipcon,Major,Resolved,Fixed,09/May/19 04:49,15/May/19 01:33,
Bug,HDFS-14438,13228743,Fix typo in OfflineEditsVisitorFactory,bianqi,bianqi,Major,Resolved,Fixed,18/Apr/19 03:47,05/May/19 09:15,
Bug,HDFS-14435,13228675,ObserverReadProxyProvider is unable to properly fetch HAState from Standby NNs,xkrogen,xkrogen,Major,Resolved,Fixed,17/Apr/19 18:06,22/Apr/19 21:24,
Bug,HDFS-14445,13229204,TestTrySendErrorReportWhenNNThrowsIOException fails in trunk,ayushtkn,ayushtkn,Major,Resolved,Fixed,20/Apr/19 10:09,22/Apr/19 20:47,
Bug,HDFS-14416,13226207,Fix TestHdfsConfigFields for field dfs.client.failover.resolver.useFQDN,fengnanli,elgoiri,Major,Resolved,Fixed,04/Apr/19 17:45,05/Apr/19 21:21,
Bug,HDFS-16350,13413368,Datanode start time should be set after RPC server starts successfully,vjasani,vjasani,Minor,Resolved,Fixed,23/Nov/21 11:11,14/Feb/22 18:03,
Bug,HDFS-16449,13427446,Fix hadoop web site release notes and changelog not available,philipse,philipse,Minor,Resolved,Fixed,09/Feb/22 10:10,14/Feb/22 02:34,
Bug,HDFS-16406,13420206,DataNode metric ReadsFromLocalClient does not count short-circuit reads,secfree.teng,secfree.teng,Minor,Resolved,Fixed,01/Jan/22 15:55,09/Feb/22 02:12,
Bug,HDFS-16410,13420582,Insecure Xml parsing in OfflineEditsXmlLoader ,groot,groot,Minor,Resolved,Fixed,04/Jan/22 12:35,10/Jan/22 17:16,
Bug,HDFS-16417,13421046,RBF: StaticRouterRpcFairnessPolicyController init fails with division by 0 if concurrent ns handler count is configured,coconut_icecream,coconut_icecream,Minor,Resolved,Fixed,06/Jan/22 11:11,10/Jan/22 10:33,
Bug,HDFS-16334,13412488,Correct NameNode ACL description,philipse,philipse,Minor,Resolved,Fixed,18/Nov/21 10:04,04/Jan/22 22:30,
Bug,HDFS-16328,13412206,Correct disk balancer param desc,philipse,philipse,Minor,Resolved,Fixed,17/Nov/21 08:50,04/Jan/22 22:29,
Bug,HDFS-16329,13412266,Fix log format for BlockManager,tomscut,tomscut,Minor,Resolved,Fixed,17/Nov/21 12:26,04/Jan/22 22:28,
Bug,HDFS-15788,13354285,Correct the statement for pmem cache to reflect cache persistence support,PhiloHe,PhiloHe,Minor,Resolved,Fixed,25/Jan/21 07:06,08/Dec/21 12:28,
Bug,HDFS-16324,13411808,Fix error log in BlockManagerSafeMode,philipse,philipse,Minor,Resolved,Fixed,15/Nov/21 13:05,08/Dec/21 12:25,
Bug,HDFS-16370,13415265,Fix assert message for BlockInfo,tomscut,tomscut,Minor,Resolved,Fixed,03/Dec/21 11:44,05/Dec/21 01:05,
Bug,HDFS-16361,13414195,Fix log format for QueryCommand,tomscut,tomscut,Minor,Resolved,Fixed,29/Nov/21 00:24,01/Dec/21 07:54,
Bug,HDFS-16236,13403008,Example command for daemonlog is not correct,prasad-acit,prasad-acit,Minor,Resolved,Fixed,23/Sep/21 19:09,27/Sep/21 00:43,
Bug,HDFS-16199,13398509,Resolve log placeholders in NamenodeBeanMetrics,vjasani,vjasani,Minor,Resolved,Fixed,31/Aug/21 16:49,04/Sep/21 14:39,
Bug,HDFS-16177,13395863,Bug fix for Util#receiveFile,tomscut,tomscut,Minor,Resolved,Fixed,18/Aug/21 11:43,19/Aug/21 04:32,
Bug,HDFS-16151,13393054,Improve the parameter comments related to ProtobufRpcEngine2#Server(),jianghuazhu,jianghuazhu,Minor,Resolved,Fixed,02/Aug/21 11:28,09/Aug/21 02:07,
Bug,HDFS-16108,13387220,Incorrect log placeholders used in JournalNodeSyncer,vjasani,vjasani,Minor,Resolved,Fixed,02/Jul/21 07:23,05/Jul/21 04:44,
Bug,HDFS-16109,13387419,Fix flaky some unit tests since they offen timeout,tomscut,tomscut,Minor,Resolved,Fixed,03/Jul/21 01:44,05/Jul/21 01:15,
Bug,HDFS-16057,13382664,Make sure the order for location in ENTERING_MAINTENANCE state,tomscut,tomscut,Minor,Resolved,Fixed,08/Jun/21 09:10,14/Jun/21 07:37,
Bug,HDFS-15485,13318411,Fix outdated properties of JournalNode when performing rollback,Deegue,Deegue,Minor,Resolved,Fixed,21/Jul/20 07:13,10/Jun/21 07:44,
Bug,HDFS-15865,13361537,Interrupt DataStreamer thread,,kpalanisamy,Minor,Resolved,Fixed,01/Mar/21 08:11,04/May/21 10:28,
Bug,HDFS-15930,13368262,Fix some @param errors in DirectoryScanner.,zhuqi,zhuqi,Minor,Resolved,Fixed,29/Mar/21 02:43,04/Apr/21 03:30,
Bug,HDFS-15222,13291698," Correct the ""hdfs fsck -list-corruptfileblocks"" command output",Sushma_28,SouryakantaDwivedy,Minor,Resolved,Fixed,14/Mar/20 08:32,02/Apr/21 04:19,
Bug,HDFS-15816,13356417,Fix shouldAvoidStaleDataNodesForWrite returns when no stale node in cluster.,hadoop_yangyun,hadoop_yangyun,Minor,Resolved,Fixed,03/Feb/21 08:42,14/Mar/21 09:51,
Bug,HDFS-15739,13346808,Missing Javadoc for a param in DFSNetworkTopology,zhanghuazong,zhanghuazong,Minor,Resolved,Fixed,18/Dec/20 15:32,22/Dec/20 01:28,
Bug,HDFS-15163,13284779,hdfs-2.10.0-webapps-secondary-status.html miss moment.js,,hiscat,Minor,Resolved,Fixed,12/Feb/20 10:37,30/Nov/20 10:25,
Bug,HDFS-15257,13295765,Fix spelling mistake in DataXceiverServer,huanghaibin,huanghaibin,Minor,Resolved,Fixed,02/Apr/20 11:09,02/Apr/20 17:20,
Bug,HDFS-15193,13287648,Improving the error message for missing `dfs.namenode.rpc-address.$NAMESERVICE`,ctest.team,ctest.team,Minor,Resolved,Fixed,26/Feb/20 01:51,28/Mar/20 18:58,
Bug,HDFS-14434,13228563,webhdfs that connect secure hdfs should not use user.name parameter,magnum,magnum,Minor,Resolved,Fixed,17/Apr/19 10:22,26/Mar/20 00:21,
Bug,HDFS-15158,13284065,The number of failed volumes mismatch  with volumeFailures of Datanode metrics ,hadoop_yangyun,hadoop_yangyun,Minor,Resolved,Fixed,08/Feb/20 08:41,26/Mar/20 00:01,
Bug,HDFS-15077,13276005,Fix intermittent failure of TestDFSClientRetries#testLeaseRenewSocketTimeout,iwasakims,iwasakims,Minor,Resolved,Fixed,23/Dec/19 08:56,12/Mar/20 14:13,
Bug,HDFS-15147,13281822,LazyPersistTestCase wait logic is error-prone,ahussein,ahussein,Minor,Resolved,Fixed,27/Jan/20 23:54,27/Feb/20 20:51,
Bug,HDFS-15182,13286135,TestBlockManager#testOneOfTwoRacksDecommissioned() fail in trunk,leosun08,leosun08,Minor,Resolved,Fixed,19/Feb/20 01:57,22/Feb/20 09:24,
Bug,HDFS-15072,13275376,HDFS MiniCluster fails to start when run in directory path with a %,iwasakims,gjacoby,Minor,Resolved,Fixed,19/Dec/19 00:20,08/Jan/20 03:50,
Bug,HDFS-15073,13275406,Replace curator-shaded guava import with the standard one,csanivar,aajisaka,Minor,Resolved,Fixed,19/Dec/19 05:00,25/Dec/19 02:38,
Bug,HDFS-14908,13262363,LeaseManager should check parent-child relationship when filter open files.,LiJinglun,LiJinglun,Minor,Resolved,Fixed,15/Oct/19 13:31,17/Dec/19 02:57,
Bug,HDFS-14751,13251754,Synchronize on diffs in DirectoryScanner,leosun08,leosun08,Minor,Resolved,Fixed,20/Aug/19 04:35,13/Dec/19 03:56,
Bug,HDFS-14958,13266607,TestBalancerWithNodeGroup is not using NetworkTopologyWithNodeGroup,jbrennan,jbrennan,Minor,Resolved,Fixed,06/Nov/19 15:23,09/Dec/19 19:59,
Bug,HDFS-15026,13271632,TestPendingReconstruction#testPendingReconstruction() fail in trunk,leosun08,leosun08,Minor,Resolved,Fixed,02/Dec/19 08:21,03/Dec/19 04:13,
Bug,HDFS-14940,13265037,HDFS Balancer : Do not allow to set balancer maximum network bandwidth more than 1TB,hemanthboyina,SouryakantaDwivedy,Minor,Resolved,Fixed,29/Oct/19 13:28,21/Nov/19 19:23,
Bug,HDFS-14962,13266708,RBF: ConnectionPool#newConnection() error log wrong protocol class,John Smith,John Smith,Minor,Resolved,Fixed,07/Nov/19 02:31,11/Nov/19 05:42,
Bug,HDFS-14945,13265460,Revise PacketResponder's log.,xudongcao,xudongcao,Minor,Resolved,Fixed,31/Oct/19 07:14,04/Nov/19 17:56,
Bug,HDFS-14916,13263467,RBF: line breaks are missing from the output of 'hdfs dfsrouteradmin -ls',risyomei,risyomei,Minor,Resolved,Fixed,21/Oct/19 06:31,21/Oct/19 13:16,
Bug,HDFS-14708,13249239,TestLargeBlockReport#testBlockReportSucceedsWithLargerLengthLimit fails in trunk,leosun08,leosun08,Minor,Resolved,Fixed,07/Aug/19 01:58,02/Oct/19 17:15,
Bug,HDFS-14598,13241152,Findbugs warning caused by HDFS-12487,hexiaoqiao,weichiu,Minor,Resolved,Fixed,24/Jun/19 00:05,02/Oct/19 17:15,
Bug,HDFS-14836,13255622,FileIoProvider should not increase FileIoErrors metric in datanode volume metric,Aiphag0,Aiphag0,Minor,Resolved,Fixed,09/Sep/19 12:24,02/Oct/19 17:15,
Bug,HDFS-14876,13259102,Remove unused imports from TestBlockMissingException.java and TestClose.java,leosun08,leosun08,Minor,Resolved,Fixed,26/Sep/19 17:06,28/Sep/19 19:11,
Bug,HDFS-14798,13253754,Synchronize invalidateBlocks in DatanodeDescriptor,hemanthboyina,belugabehr,Minor,Resolved,Fixed,29/Aug/19 16:25,24/Sep/19 21:11,
Bug,HDFS-14838,13255850,RBF: Display RPC (instead of HTTP) Port Number in RBF web UI,risyomei,risyomei,Minor,Resolved,Fixed,10/Sep/19 10:48,11/Sep/19 08:17,
Bug,HDFS-14630,13243120,Configuration.getTimeDurationHelper() should not log time unit warning in info log.,hemanthboyina,surendralilhore,Minor,Resolved,Fixed,04/Jul/19 05:37,03/Sep/19 08:38,
Bug,HDFS-14679,13247763,Failed to add erasure code policies with example template,yuanzhou,yuanzhou,Minor,Resolved,Fixed,30/Jul/19 03:12,06/Aug/19 03:30,
Bug,HDFS-14691,13248267,Wrong usage hint for hadoop fs command test,jiangjianfei,jiangjianfei,Minor,Resolved,Fixed,01/Aug/19 07:25,05/Aug/19 16:17,
Bug,HDFS-14669,13246973,TestDirectoryScanner#testDirectoryScannerInFederatedCluster fails intermittently in trunk,iamgd67,iamgd67,Minor,Resolved,Fixed,25/Jul/19 06:42,03/Aug/19 07:30,
Bug,HDFS-14681,13247909,RBF: TestDisableRouterQuota failed because port 8888 was occupied,csun,weichiu,Minor,Resolved,Fixed,30/Jul/19 18:05,31/Jul/19 17:30,
Bug,HDFS-14466,13228241,Add a regression test for HDFS-14323,iwasakims,ebyhr,Minor,Resolved,Fixed,16/Apr/19 04:24,12/Jul/19 01:26,
Bug,HDFS-14486,13232848,The exception classes in some throw statements do not accurately describe why they are thrown,ayushtkn,ebugs-in-cloud-systems,Minor,Resolved,Fixed,12/May/19 07:02,06/Jun/19 19:14,
Bug,HDFS-14420,13227137,Fix typo in KeyShell console,xiaodong.hu,xiaodong.hu,Minor,Resolved,Fixed,10/Apr/19 09:25,12/Apr/19 00:54,
Bug,HDFS-14407,13225840,Fix misuse of SLF4j logging API in DatasetVolumeChecker#checkAllVolumes,jiwq,jiwq,Minor,Resolved,Fixed,03/Apr/19 15:44,05/Apr/19 05:07,
Bug,HDFS-16409,13419666,Fix typo: testHasExeceptionsReturnsCorrectValue -> testHasExceptionsReturnsCorrectValue,groot,groot,Trivial,Resolved,Fixed,28/Dec/21 07:28,04/Jan/22 22:39,
Bug,HDFS-16230,13401955,Remove irrelevant trim() call in TestStorageRestore,thomasleplus,thomasleplus,Trivial,Resolved,Fixed,18/Sep/21 03:51,19/Sep/21 18:40,
Bug,HDFS-16051,13381273,Misspelt words in DataXceiver.java line 881 and line 885,ningsheng,ningsheng,Trivial,Resolved,Fixed,31/May/21 12:02,01/Jun/21 03:07,
Bug,HDFS-15698,13342979,Fix the typo of dfshealth.html after HDFS-15358,ferhui,ferhui,Trivial,Resolved,Fixed,27/Nov/20 11:54,28/Apr/21 09:56,
Bug,HDFS-15116,13279015,Correct spelling of comments for NNStorage.setRestoreFailedStorage,xudongcao,xudongcao,Trivial,Resolved,Fixed,13/Jan/20 08:54,20/Dec/20 13:02,
Bug,HDFS-15309,13301841,Remove redundant String.valueOf method on ExtendedBlockId.java,bianqi,bianqi,Trivial,Resolved,Fixed,29/Apr/20 15:50,30/Apr/20 07:02,
Bug,HDFS-15256,13295747,Fix typo in DataXceiverServer#run(),leosun08,leosun08,Trivial,Resolved,Fixed,02/Apr/20 09:40,06/Apr/20 20:19,
Bug,HDFS-15208,13289924,Suppress bogus AbstractWadlGeneratorGrammarGenerator in KMS stderr in hdfs,weichiu,weichiu,Trivial,Resolved,Fixed,05/Mar/20 23:23,18/Mar/20 17:00,
Bug,HDFS-15089,13277006,RBF: SmallFix for RBFMetrics in doc,Huachao,Huachao,Trivial,Resolved,Fixed,31/Dec/19 10:40,06/Jan/20 03:46,
Bug,HDFS-14933,13264410,Fixing a typo in documentation of Observer NameNode,risyomei,risyomei,Trivial,Resolved,Fixed,25/Oct/19 04:55,25/Oct/19 06:38,
Bug,HDFS-14885,13259804,UI: Fix a typo on WebUI of DataNode.,risyomei,risyomei,Trivial,Resolved,Fixed,01/Oct/19 03:46,02/Oct/19 02:19,
Bug,HDFS-14868,13258231,RBF: Fix typo in TestRouterQuota,LiJinglun,LiJinglun,Trivial,Resolved,Fixed,23/Sep/19 07:14,24/Sep/19 16:56,
Bug,HDFS-14464,13231291,Remove unnecessary log message from DFSInputStream,csun,kihwal,Trivial,Resolved,Fixed,02/May/19 15:38,30/Jul/19 18:38,
Bug,HDFS-14629,13242952,Property value Hard Coded in DNConf.java,hemanthboyina,hemanthboyina,Trivial,Resolved,Fixed,03/Jul/19 09:30,05/Jul/19 05:53,
Bug,HDFS-14556,13238436,"Spelling Mistake ""gloablly""",belugabehr,belugabehr,Trivial,Resolved,Fixed,10/Jun/19 00:36,17/Jun/19 01:48,
